id,name,source,image,name__ar,name__en
aaba,"Abdelaziz Aba",http://www.chambredesrepresentants.ma/en/m/aaba,http://www.chambredesrepresentants.ma/sites/default/files/styles/thumbnail/public/pictures/picture-1280-1484670079.jpg?itok=3Hh8YixZ,"عبد العزيز ابا","Abdelaziz Aba"
aaboufaris,"Abdellah Aboufaris",http://www.chambredesrepresentants.ma/en/m/aaboufaris,http://www.chambredesrepresentants.ma/sites/default/files/styles/thumbnail/public/pictures/picture-_199.jpg?itok=hk32iTc0,"عبد الله ابوفارس","Abdellah Aboufaris"
aadourrak,"Ahmed Adourrak",http://www.chambredesrepresentants.ma/en/m/aadourrak,http://www.chambredesrepresentants.ma/sites/default/files/styles/thumbnail/public/pictures/picture-_262.jpg?itok=qdlBdgg7,"احمد ادراق","Ahmed Adourrak"
aahlelmekki,"Abdelfettah Ahl Elmekki",http://www.chambredesrepresentants.ma/en/m/aahlelmekki,http://www.chambredesrepresentants.ma/sites/default/files/styles/thumbnail/public/pictures/picture-1288-1485175046.png?itok=ptT1wdM5,"عبد الفتاح اهل المكي","Abdelfettah Ahl Elmekki"
aaitheddou,"Aicha Ait Heddou",http://www.chambredesrepresentants.ma/en/m/aaitheddou,http://www.chambredesrepresentants.ma/sites/default/files/styles/thumbnail/public/pictures/picture-1293-1485174414.jpg?itok=XQOAAeN1,"عائشة ايت حدو","Aicha Ait Heddou"
aaitlaadila,"Abdelmjid Ait Laadila",http://www.chambredesrepresentants.ma/en/m/aaitlaadila,http://www.chambredesrepresentants.ma/sites/default/files/styles/thumbnail/public/pictures/picture-_167.jpg?itok=F6fMBQK1,"عبد المجيد ايت العديلة","Abdelmjid Ait Laadila"
aalaoui,"Abdellah Alaoui",http://www.chambredesrepresentants.ma/en/m/aalaoui,http://www.chambredesrepresentants.ma/sites/default/files/styles/thumbnail/public/pictures/picture-_20.jpg?itok=J0kM1T70,"عبد الله العلوي","Abdellah Alaoui"
aamara,"Abdelkader Amara",http://www.chambredesrepresentants.ma/en/m/aamara,http://www.chambredesrepresentants.ma/sites/default/files/styles/thumbnail/public/pictures/picture-_98.jpg?itok=PSOGRFG7,"عبد القادر اعمارة","Abdelkader Amara"
aamniouel,"Ali Amniouel",http://www.chambredesrepresentants.ma/en/m/aamniouel,http://www.chambredesrepresentants.ma/sites/default/files/styles/thumbnail/public/pictures/picture-_5.jpg?itok=hk1W19R3,"علي امنيول","Ali Amniouel"
aarbouch,"Amal Arbouch",http://www.chambredesrepresentants.ma/en/m/aarbouch,http://www.chambredesrepresentants.ma/sites/default/files/styles/thumbnail/public/pictures/picture-_355.jpg?itok=mMSQdDpz,"امال عربوش","Amal Arbouch"
aarchane,"Abdessamad Archane",http://www.chambredesrepresentants.ma/en/m/aarchane,http://www.chambredesrepresentants.ma/sites/default/files/styles/thumbnail/public/pictures/picture-_116.jpg?itok=Qo5jcsJQ,"عبد الصمد عرشان","Abdessamad Archane"
aatmoun,"Abderrahim Atmoun",http://www.chambredesrepresentants.ma/en/m/aatmoun,http://www.chambredesrepresentants.ma/sites/default/files/styles/thumbnail/public/pictures/picture-_145.jpg?itok=2d_Dp-Pb,"عبد الرحيم عتمون","Abderrahim Atmoun"
abakouri,"Abdesslam Bakouri",http://www.chambredesrepresentants.ma/en/m/abakouri,http://www.chambredesrepresentants.ma/sites/default/files/styles/thumbnail/public/pictures/picture-_228.jpg?itok=8X_bmyMj,"عبد السلام الباكوري","Abdesslam Bakouri"
abenkiran,"Abdelilah Benkiran",http://www.chambredesrepresentants.ma/en/m/abenkiran,http://www.chambredesrepresentants.ma/sites/default/files/styles/thumbnail/public/pictures/picture-_92.jpg?itok=jmOQFnYe,"عبد الاله ابن كيران","Abdelilah Benkiran"
abenyaacoub,"Abdellatif Benyaacoub",http://www.chambredesrepresentants.ma/en/m/abenyaacoub,http://www.chambredesrepresentants.ma/sites/default/files/styles/thumbnail/public/pictures/picture-_87.jpg?itok=JgjW9HER,"عبد اللطيف ابن يعقوب","Abdellatif Benyaacoub"
abilat,"Abdellah Bilat",http://www.chambredesrepresentants.ma/en/m/abilat,http://www.chambredesrepresentants.ma/sites/default/files/styles/thumbnail/public/pictures/picture-_290.jpg?itok=hKxnv9Bt,"عبد الله بيلات","Abdellah Bilat"
abouanou,"Abdellah Bouanou",http://www.chambredesrepresentants.ma/en/m/abouanou,http://www.chambredesrepresentants.ma/sites/default/files/styles/thumbnail/public/pictures/picture-_61.jpg?itok=ISx5o_1i,"عبد الله بووانو","Abdellah Bouanou"
abouarfa,"Addi Bouarfa",http://www.chambredesrepresentants.ma/en/m/abouarfa,http://www.chambredesrepresentants.ma/sites/default/files/styles/thumbnail/public/pictures/picture-_242.jpg?itok=bRZivyEM,"عدي بوعرفة","Addi Bouarfa"
aboudraa,"Abdelkader Boudraa",http://www.chambredesrepresentants.ma/en/m/aboudraa,http://www.chambredesrepresentants.ma/sites/default/files/styles/thumbnail/public/pictures/picture-_162.jpg?itok=k0AGTpOE,"عبد القادر بودراع","Abdelkader Boudraa"
abouhercha,"Abdelouahed Bouhercha",http://www.chambredesrepresentants.ma/en/m/abouhercha,http://www.chambredesrepresentants.ma/sites/default/files/styles/thumbnail/public/pictures/picture-_54.jpg?itok=Lb437K8U,"عبد الواحد بوحرشة","Abdelouahed Bouhercha"
aboukili,"Abdellah Boukili",http://www.chambredesrepresentants.ma/en/m/aboukili,http://www.chambredesrepresentants.ma/sites/default/files/styles/thumbnail/public/pictures/picture-_35.jpg?itok=Fp29dkiD,"عبد الله البوكيلي","Abdellah Boukili"
aboukir,"Amal Boukir",http://www.chambredesrepresentants.ma/en/m/aboukir,http://www.chambredesrepresentants.ma/sites/default/files/styles/thumbnail/public/pictures/picture-_11.jpg?itok=qmPUzWHV,"امال بوكير","Amal Boukir"
abouzekri,"Abla Bouzekri",http://www.chambredesrepresentants.ma/en/m/abouzekri,http://www.chambredesrepresentants.ma/sites/default/files/styles/thumbnail/public/pictures/picture-_328.jpg?itok=CPuWM0wR,"عبلة بوزكري","Abla Bouzekri"
abrija,"Ahmed Brija",http://www.chambredesrepresentants.ma/en/m/abrija,http://www.chambredesrepresentants.ma/sites/default/files/styles/thumbnail/public/pictures/picture-_168.jpg?itok=GC60A2iT,"احمد بريجة","Ahmed Brija"
achaabi,"Asmaa Chaabi",http://www.chambredesrepresentants.ma/en/m/achaabi,http://www.chambredesrepresentants.ma/sites/default/files/styles/thumbnail/public/pictures/picture-_224.jpg?itok=GzmBJEyd,"اسماء الشعبي","Asmaa Chaabi"
achafik,"Abdelhak Chafik",http://www.chambredesrepresentants.ma/en/m/achafik,http://www.chambredesrepresentants.ma/sites/default/files/styles/thumbnail/public/pictures/picture-_163.jpg?itok=_059S5ZR,"عبد الحق الشفيق","Abdelhak Chafik"
achaouki,"Ahmed Chaouki",http://www.chambredesrepresentants.ma/en/m/achaouki,http://www.chambredesrepresentants.ma/sites/default/files/styles/thumbnail/public/pictures/picture-_74.jpg?itok=tlPFOzTM,"احمد شوكي","Ahmed Chaouki"
acheggaf,"Aziza Cheggaf",http://www.chambredesrepresentants.ma/en/m/acheggaf,http://www.chambredesrepresentants.ma/sites/default/files/styles/thumbnail/public/pictures/picture-_304.jpg?itok=5Zj8CeFF,"عزيزة الشكاف","Aziza Cheggaf"
achegri,"Abdelkrim Chegri",http://www.chambredesrepresentants.ma/en/m/achegri,http://www.chambredesrepresentants.ma/sites/default/files/styles/thumbnail/public/pictures/picture-_183.jpg?itok=n9QqUha_,"عبدالكريم شكري","Abdelkrim Chegri"
achrika,"Abdelhadi Chrika",http://www.chambredesrepresentants.ma/en/m/achrika,http://www.chambredesrepresentants.ma/sites/default/files/styles/thumbnail/public/pictures/picture-_139.jpg?itok=i3Q67IRL,"عبد الهادي الشريكة","Abdelhadi Chrika"
aelaaidi,"Abdellatif Elaaidi",http://www.chambredesrepresentants.ma/en/m/aelaaidi,http://www.chambredesrepresentants.ma/sites/default/files/styles/thumbnail/public/pictures/picture-_227.jpg?itok=nZNdEt8c,"عبداللطيف العيدي","Abdellatif Elaaidi"
aelahmadi,"Abdelhakim ElAhmadi",http://www.chambredesrepresentants.ma/en/m/aelahmadi,http://www.chambredesrepresentants.ma/sites/default/files/styles/thumbnail/public/pictures/picture-_377.jpg?itok=Nl46k_SK,"عبدالحكيم الاحمدي","Abdelhakim ElAhmadi"
aelamroui,"Allal Elamroui",http://www.chambredesrepresentants.ma/en/m/aelamroui,http://www.chambredesrepresentants.ma/sites/default/files/styles/thumbnail/public/pictures/picture-_55.jpg?itok=vkI1GFVi,"علال العمروي","Allal Elamroui"
aelansari,"Abdelouahed ElAnsari",http://www.chambredesrepresentants.ma/en/m/aelansari,http://www.chambredesrepresentants.ma/sites/default/files/styles/thumbnail/public/pictures/picture-_62.jpg?itok=J9uI4z-0,"عبد الواحد الانصاري","Abdelouahed ElAnsari"
aelaouni,"Abdelfattah ElAouni",http://www.chambredesrepresentants.ma/en/m/aelaouni,http://www.chambredesrepresentants.ma/sites/default/files/styles/thumbnail/public/pictures/picture-_85.jpg?itok=tXVC5cV5,"عبد الفتاح العوني","Abdelfattah ElAouni"
aelarrak,"Azouha Elarrak",http://www.chambredesrepresentants.ma/en/m/aelarrak,http://www.chambredesrepresentants.ma/sites/default/files/styles/thumbnail/public/pictures/picture-_295.jpg?itok=4uK76nJ0,"عزوها العراك","Azouha Elarrak"
aelayed,"Abdelaziz ElAyed",http://www.chambredesrepresentants.ma/en/m/aelayed,http://www.chambredesrepresentants.ma/sites/default/files/styles/thumbnail/public/pictures/picture-_102.jpg?itok=9OGTE39q,"عبد العزيز لعايض","Abdelaziz ElAyed"
aelbasri,"Abdelkhaled Elbasri",http://www.chambredesrepresentants.ma/en/m/aelbasri,http://www.chambredesrepresentants.ma/sites/default/files/styles/thumbnail/public/pictures/picture-_230.jpg?itok=YBnwv8-y,"عبد الخاليد البصري","Abdelkhaled Elbasri"
aelbitar,"Adil Elbitar",http://www.chambredesrepresentants.ma/en/m/aelbitar,http://www.chambredesrepresentants.ma/sites/default/files/styles/thumbnail/public/pictures/picture-_159.jpg?itok=ab-QuqRl,"عادل البيطار","Adil Elbitar"
aelghazoui,"Ahmed Elghazoui",http://www.chambredesrepresentants.ma/en/m/aelghazoui,http://www.chambredesrepresentants.ma/sites/default/files/styles/thumbnail/public/pictures/picture-_121.jpg?itok=aWT7yxo1,"احمد الغزوي","Ahmed Elghazoui"
aelhiqi,"Ahmed Elhiqi",http://www.chambredesrepresentants.ma/en/m/aelhiqi,http://www.chambredesrepresentants.ma/sites/default/files/styles/thumbnail/public/pictures/picture-_117.jpg?itok=FJZr4_EK,"احمد الهيقي","Ahmed Elhiqi"
aelkerraa,"Abderrahim Elkerraa",http://www.chambredesrepresentants.ma/en/m/aelkerraa,http://www.chambredesrepresentants.ma/sites/default/files/styles/thumbnail/public/pictures/picture-_91.jpg?itok=7QBPpP_0,"عبد الرحيم لقراع","Abderrahim Elkerraa"
aelmokrieelidrissi,"Abouzaid ElMokrie ElIdrissi",http://www.chambredesrepresentants.ma/en/m/aelmokrieelidrissi,http://www.chambredesrepresentants.ma/sites/default/files/styles/thumbnail/public/pictures/picture-1167-1485173658.jpg?itok=Y8IBW6Cz,"ابوزيد المقري الادريسي","Abouzaid ElMokrie ElIdrissi"
aelomari,"Abdelaziz Elomari",http://www.chambredesrepresentants.ma/en/m/aelomari,http://www.chambredesrepresentants.ma/sites/default/files/styles/thumbnail/public/pictures/picture-_157.jpg?itok=sr7RJXC1,"عبد العزيز عماري","Abdelaziz Elomari"
aennajhi,"Abdelhak Ennajhi",http://www.chambredesrepresentants.ma/en/m/aennajhi,http://www.chambredesrepresentants.ma/sites/default/files/styles/thumbnail/public/pictures/picture-_152.jpg?itok=wGGnojo6,"عبد الحق الناجحي","Abdelhak Ennajhi"
afaouzizizi,"Amina Faouzi Zizi",http://www.chambredesrepresentants.ma/en/m/afaouzizizi,http://www.chambredesrepresentants.ma/sites/default/files/styles/thumbnail/public/pictures/picture-1318-1485172876.png?itok=p8heSGrQ,"امينة فوزي زيزي","Amina Faouzi Zizi"
afarah,"Aicha farah",http://www.chambredesrepresentants.ma/en/m/afarah,http://www.chambredesrepresentants.ma/sites/default/files/styles/thumbnail/public/pictures/picture-_359.jpg?itok=lUtgigga,"عائشة فرح","Aicha farah"
afassifihri,"Abdelmjid Fassi Fihri",http://www.chambredesrepresentants.ma/en/m/afassifihri,http://www.chambredesrepresentants.ma/sites/default/files/styles/thumbnail/public/pictures/picture-_373.jpg?itok=aUX-PwsX,"عبدالمجيد الفاسي الفهري","Abdelmjid Fassi Fihri"
afouiqer,"Abdellatif Fouiqer",http://www.chambredesrepresentants.ma/en/m/afouiqer,http://www.chambredesrepresentants.ma/sites/default/files/styles/thumbnail/public/pictures/picture-_75.jpg?itok=ekFGS9oy,"عبد اللطيف الفويقر","Abdellatif Fouiqer"
aghazi,"Abdellah Ghazi",http://www.chambredesrepresentants.ma/en/m/aghazi,http://www.chambredesrepresentants.ma/sites/default/files/styles/thumbnail/public/pictures/picture-_274.jpg?itok=hQXJJFQG,"عبد الله غازي","Abdellah Ghazi"
aghlalou,"Asmaa Ghlalou",http://www.chambredesrepresentants.ma/en/m/aghlalou,http://www.chambredesrepresentants.ma/sites/default/files/styles/thumbnail/public/pictures/picture-_351.jpg?itok=bBlo0PKE,"اسماء غلالو","Asmaa Ghlalou"
ahadori,"Abdelkader Hadori",http://www.chambredesrepresentants.ma/en/m/ahadori,http://www.chambredesrepresentants.ma/sites/default/files/styles/thumbnail/public/pictures/picture-_27.jpg?itok=5eIUiG6-,"عبد القادر حظوري","Abdelkader Hadori"
ahamel,"Abdellah Hamel",http://www.chambredesrepresentants.ma/en/m/ahamel,http://www.chambredesrepresentants.ma/sites/default/files/styles/thumbnail/public/pictures/picture-_28.jpg?itok=RXLFqeq5,"عبد الله هامل","Abdellah Hamel"
aharfi,"Abderahmane Harfi",http://www.chambredesrepresentants.ma/en/m/aharfi,http://www.chambredesrepresentants.ma/sites/default/files/styles/thumbnail/public/pictures/picture-_118.jpg?itok=K-9Ht4Jj,"عبد الرحمان حرفي","Abderahmane Harfi"
ahayker,"Abdessamad Hayker",http://www.chambredesrepresentants.ma/en/m/ahayker,http://www.chambredesrepresentants.ma/sites/default/files/styles/thumbnail/public/pictures/picture-_151.jpg?itok=qdil74mS,"عبد الصمد حيكر","Abdessamad Hayker"
ahennaoui,"Abdellah Hennaoui",http://www.chambredesrepresentants.ma/en/m/ahennaoui,http://www.chambredesrepresentants.ma/sites/default/files/styles/thumbnail/public/pictures/picture-_239.jpg?itok=kveZEXIU,"عبد الله هناوي","Abdellah Hennaoui"
aidabadda,"Abdellah Idabadda",http://www.chambredesrepresentants.ma/en/m/aidabadda,http://www.chambredesrepresentants.ma/sites/default/files/styles/thumbnail/public/pictures/picture-_288.jpg?itok=Kbf3gxYs,"عبد الله اد بدا","Abdellah Idabadda"
aidbouch,"Aicha Idbouch",http://www.chambredesrepresentants.ma/en/m/aidbouch,http://www.chambredesrepresentants.ma/sites/default/files/styles/thumbnail/public/pictures/picture-_325.jpg?itok=dqCe-QPC,"عائشة ايدبوش","Aicha Idbouch"
aidrissibouzidi,"Abdellah Idrissi Bouzidi",http://www.chambredesrepresentants.ma/en/m/aidrissibouzidi,http://www.chambredesrepresentants.ma/sites/default/files/styles/thumbnail/public/pictures/picture-1062-1485175456.png?itok=8gEZwj8T,"عبداللـه الادريسي البوزيدي","Abdellah Idrissi Bouzidi"
ajanah,"Abdelghni Janah",http://www.chambredesrepresentants.ma/en/m/ajanah,http://www.chambredesrepresentants.ma/sites/default/files/styles/thumbnail/public/pictures/picture-_213.jpg?itok=ewrWIx64,"عبد الغاني جناح","Abdelghni Janah"
ajedar,"Ahmed Jedar",http://www.chambredesrepresentants.ma/en/m/ajedar,http://www.chambredesrepresentants.ma/sites/default/files/styles/thumbnail/public/pictures/picture-_160.jpg?itok=fiA6OSRc,"احمد جدار","Ahmed Jedar"
ajeghaoui,"Ali Jeghaoui",http://www.chambredesrepresentants.ma/en/m/ajeghaoui,http://www.chambredesrepresentants.ma/sites/default/files/styles/thumbnail/public/pictures/picture-_45.jpg?itok=hJ3Euhw3,"علي الجغاوي","Ali Jeghaoui"
ajoubij,"Abdelmjid Joubij",http://www.chambredesrepresentants.ma/en/m/ajoubij,http://www.chambredesrepresentants.ma/sites/default/files/styles/thumbnail/public/pictures/picture-_170.jpg?itok=ZP0aBUgy,"عبد المجيد جوبيج","Abdelmjid Joubij"
akayyouh,"Ali Kayyouh",http://www.chambredesrepresentants.ma/en/m/akayyouh,http://www.chambredesrepresentants.ma/sites/default/files/styles/thumbnail/public/pictures/picture-_266.jpg?itok=Iec20azP,"علي قيوح","Ali Kayyouh"
akendil,"Abdelkader Kendil",http://www.chambredesrepresentants.ma/en/m/akendil,http://www.chambredesrepresentants.ma/sites/default/files/styles/thumbnail/public/pictures/picture-_204.jpg?itok=HF3UNtUl,"عبد القادر قنديل","Abdelkader Kendil"
akhayyir,"Abderahmane Khayyir",http://www.chambredesrepresentants.ma/en/m/akhayyir,http://www.chambredesrepresentants.ma/sites/default/files/styles/thumbnail/public/pictures/picture-_130.jpg?itok=f35EOyf-,"عبد الرحمان خيير","Abderahmane Khayyir"
akhzou,"Addi Khzou",http://www.chambredesrepresentants.ma/en/m/akhzou,http://www.chambredesrepresentants.ma/sites/default/files/styles/thumbnail/public/pictures/picture-_250.jpg?itok=03pQpwHh,"عدي خزو","Addi Khzou"
akouskous,"Abdelaziz Kouskous",http://www.chambredesrepresentants.ma/en/m/akouskous,http://www.chambredesrepresentants.ma/sites/default/files/styles/thumbnail/public/pictures/picture-_81.jpg?itok=Tw4auORk,"عبد العزيز كوسكوس","Abdelaziz Kouskous"
alachhab,"Abdelaziz Lachhab",http://www.chambredesrepresentants.ma/en/m/alachhab,http://www.chambredesrepresentants.ma/sites/default/files/styles/thumbnail/public/pictures/picture-_23.jpg?itok=YVRawN6t,"عبد العزيز لشهب","Abdelaziz Lachhab"
alebbar,"Aziz Lebbar",http://www.chambredesrepresentants.ma/en/m/alebbar,http://www.chambredesrepresentants.ma/sites/default/files/styles/thumbnail/public/pictures/picture-_51.jpg?itok=HZg8FB8A,"عزيز اللبار","Aziz Lebbar"
aleblaq,"Aicha Leblaq",http://www.chambredesrepresentants.ma/en/m/aleblaq,http://www.chambredesrepresentants.ma/sites/default/files/styles/thumbnail/public/pictures/picture-_333.jpg?itok=CNka0DtG,"عائشة لبلق","Aicha Leblaq"
alebriki,"Abdelkader Lebriki",http://www.chambredesrepresentants.ma/en/m/alebriki,http://www.chambredesrepresentants.ma/sites/default/files/styles/thumbnail/public/pictures/picture-_60.jpg?itok=FM_zfp0R,"عبدالقادر لبريكي","Abdelkader Lebriki"
amaelainine,"Amina Maelainine",http://www.chambredesrepresentants.ma/en/m/amaelainine,http://www.chambredesrepresentants.ma/sites/default/files/styles/thumbnail/public/pictures/picture-_161.jpg?itok=-IwzDy5C,"ءامنة ماء العينين","Amina Maelainine"
amekhdad,"Abdelghni Mekhdad",http://www.chambredesrepresentants.ma/en/m/amekhdad,http://www.chambredesrepresentants.ma/sites/default/files/styles/thumbnail/public/pictures/picture-_203.jpg?itok=bB2Y0qSS,"عبد الغني مخداد","Abdelghni Mekhdad"
ameskine,"Abdeljalil Meskine",http://www.chambredesrepresentants.ma/en/m/ameskine,http://www.chambredesrepresentants.ma/sites/default/files/styles/thumbnail/public/pictures/picture-_267.jpg?itok=GdDWI_YL,"عبدالجليل مسكين","Abdeljalil Meskine"
amessaoudi,"Abdelouahed Messaoudi",http://www.chambredesrepresentants.ma/en/m/amessaoudi,http://www.chambredesrepresentants.ma/sites/default/files/styles/thumbnail/public/pictures/picture-_83.jpg?itok=fQWQbHu4,"عبد الواحد المسعودي","Abdelouahed Messaoudi"
amessoudi,"Abdellah Messoudi",http://www.chambredesrepresentants.ma/en/m/amessoudi,http://www.chambredesrepresentants.ma/sites/default/files/styles/thumbnail/public/pictures/picture-_259.jpg?itok=tHQNkHXA,"عبد الله مسعودي","Abdellah Messoudi"
amirdass,"Abdellatif Mirdass",http://www.chambredesrepresentants.ma/en/m/amirdass,http://www.chambredesrepresentants.ma/sites/default/files/styles/thumbnail/public/pictures/picture-_195.jpg?itok=JcFSJArz,"عبد اللطيف ميرداس","Abdellatif Mirdass"
anacifi,"Asmaa Nacifi",http://www.chambredesrepresentants.ma/en/m/anacifi,http://www.chambredesrepresentants.ma/sites/default/files/styles/thumbnail/public/pictures/picture-_318.jpg?itok=w09Tv8Lg,"اسماء الناصفي","Asmaa Nacifi"
anaciri,"Abdellatif Naciri",http://www.chambredesrepresentants.ma/en/m/anaciri,http://www.chambredesrepresentants.ma/sites/default/files/styles/thumbnail/public/pictures/picture-_165.jpg?itok=8DHuQEiW,"عبد اللطيف الناصري","Abdellatif Naciri"
anaitidbou,"Abderrazzak Nait Idbou",http://www.chambredesrepresentants.ma/en/m/anaitidbou,http://www.chambredesrepresentants.ma/sites/default/files/styles/thumbnail/public/pictures/picture-_134.jpg?itok=XLoBh-KB,"عبد الرزاق نايت ادبو","Abderrazzak Nait Idbou"
aomari,"Abderahmane Omari",http://www.chambredesrepresentants.ma/en/m/aomari,http://www.chambredesrepresentants.ma/sites/default/files/styles/thumbnail/public/pictures/picture-_22.jpg?itok=gGtcWHUd,"عبد الرحمان العمري","Abderahmane Omari"
aouaamar,"Abderrahim Ouaamar",http://www.chambredesrepresentants.ma/en/m/aouaamar,http://www.chambredesrepresentants.ma/sites/default/files/styles/thumbnail/public/pictures/picture-_222.jpg?itok=NtVqo7dk,"عبد الرحيم واعمرو","Abderrahim Ouaamar"
aouadki,"Abdelaziz Ouadki",http://www.chambredesrepresentants.ma/en/m/aouadki,http://www.chambredesrepresentants.ma/sites/default/files/styles/thumbnail/public/pictures/picture-_13.jpg?itok=ajhL5PDr,"عبد العزيز الوادكي","Abdelaziz Ouadki"
aouahbi,"Abdellatif Ouahbi",http://www.chambredesrepresentants.ma/en/m/aouahbi,http://www.chambredesrepresentants.ma/sites/default/files/styles/thumbnail/public/pictures/picture-_270.jpg?itok=I9gmWtBd,"عبد اللطيف وهبي","Abdellatif Ouahbi"
aouberka,"Abdellah Ouberka",http://www.chambredesrepresentants.ma/en/m/aouberka,http://www.chambredesrepresentants.ma/sites/default/files/styles/thumbnail/public/pictures/picture-_281.jpg?itok=t_XgXksW,"عبد الله أبركى","Abdellah Ouberka"
aouiddi,"Amr Ouiddi",http://www.chambredesrepresentants.ma/en/m/aouiddi,http://www.chambredesrepresentants.ma/sites/default/files/styles/thumbnail/public/pictures/picture-_243.jpg?itok=cZDUE7k8,"عمرو ودي","Amr Ouiddi"
aourzazi,"Abderrazzak Ourzazi",http://www.chambredesrepresentants.ma/en/m/aourzazi,http://www.chambredesrepresentants.ma/sites/default/files/styles/thumbnail/public/pictures/picture-_223.jpg?itok=Iw9g3SOS,"عبد الرزاق الورزازي","Abderrazzak Ourzazi"
arachid,"Abdellatif Rachid",http://www.chambredesrepresentants.ma/en/m/arachid,http://www.chambredesrepresentants.ma/sites/default/files/styles/thumbnail/public/pictures/picture-_184.jpg?itok=jS2D5ZID,"عبداللطيف رشيد","Abdellatif Rachid"
arachidi,"Ahmed Rachidi",http://www.chambredesrepresentants.ma/en/m/arachidi,http://www.chambredesrepresentants.ma/sites/default/files/styles/thumbnail/public/pictures/picture-_65.jpg?itok=qq3zQDOQ,"احمد رشيدي","Ahmed Rachidi"
aradi,"Abdelwahad Radi",http://www.chambredesrepresentants.ma/en/m/aradi,http://www.chambredesrepresentants.ma/sites/default/files/styles/thumbnail/public/pictures/picture-_123.jpg?itok=0Td0UI03,"عبد الواحد الراضي","Abdelwahad Radi"
arebbah,"Aziz Rebbah",http://www.chambredesrepresentants.ma/en/m/arebbah,http://www.chambredesrepresentants.ma/sites/default/files/styles/thumbnail/public/pictures/picture-_104.jpg?itok=jERil3Hi,"عزيز رباح","Aziz Rebbah"
arezma,"Ali Rezma",http://www.chambredesrepresentants.ma/en/m/arezma,http://www.chambredesrepresentants.ma/sites/default/files/styles/thumbnail/public/pictures/picture-_291.jpg?itok=QTLCOoQL,"عالي الرزمة","Ali Rezma"
asajda,"Abdelhakim Sajda",http://www.chambredesrepresentants.ma/en/m/asajda,http://www.chambredesrepresentants.ma/sites/default/files/styles/thumbnail/public/pictures/picture-_180.jpg?itok=hMJoVsMj,"عبد الحكيم سجدة","Abdelhakim Sajda"
asbai,"Adil Sbai",http://www.chambredesrepresentants.ma/en/m/asbai,http://www.chambredesrepresentants.ma/sites/default/files/styles/thumbnail/public/pictures/picture-_233.jpg?itok=R3reDtrv,"عادل السباعي","Adil Sbai"
asidki,"Ahmed Sidki",http://www.chambredesrepresentants.ma/en/m/asidki,http://www.chambredesrepresentants.ma/sites/default/files/styles/thumbnail/public/pictures/picture-_252.jpg?itok=lqTypOZd,"احمد صدقي","Ahmed Sidki"
atoumi,"Ahmed Toumi",http://www.chambredesrepresentants.ma/en/m/atoumi,http://www.chambredesrepresentants.ma/sites/default/files/styles/thumbnail/public/pictures/picture-_221.jpg?itok=HD_jd5dD,"احمد التومي","Ahmed Toumi"
azaim,"Abdellatif Zaim",http://www.chambredesrepresentants.ma/en/m/azaim,http://www.chambredesrepresentants.ma/sites/default/files/styles/thumbnail/public/pictures/picture-_229.jpg?itok=m1-F_XdV,"عبد اللطيف الزعيم","Abdellatif Zaim"
azizaaba,"Aziza Aba",http://www.chambredesrepresentants.ma/en/m/azizaaba,http://www.chambredesrepresentants.ma/sites/default/files/styles/thumbnail/public/pictures/picture-1382-1484669916.jpg?itok=XdtUl51i,"عزيزة ابا","Aziza Aba"
baaloulal,"Belid Aaloulal",http://www.chambredesrepresentants.ma/en/m/baaloulal,http://www.chambredesrepresentants.ma/sites/default/files/styles/thumbnail/public/pictures/picture-_220.jpg?itok=e9WuzjNm,"بلعيد اعلولال","Belid Aaloulal"
bammar,"Bouchaib Ammar",http://www.chambredesrepresentants.ma/en/m/bammar,http://www.chambredesrepresentants.ma/sites/default/files/styles/thumbnail/public/pictures/picture-_202.jpg?itok=mY88zjDR,"بوشعيب عمار","Bouchaib Ammar"
bboughden,"Brahim Boughden",http://www.chambredesrepresentants.ma/en/m/bboughden,http://www.chambredesrepresentants.ma/sites/default/files/styles/thumbnail/public/pictures/picture-_273.jpg?itok=yXWWLtjz,"ابراهيم بوغضن","Brahim Boughden"
bchaoui,"Belassal Chaoui",http://www.chambredesrepresentants.ma/en/m/bchaoui,http://www.chambredesrepresentants.ma/sites/default/files/styles/thumbnail/public/pictures/picture-_109.jpg?itok=IoF1itwN,"بلعسال شاوي","Belassal Chaoui"
bchouiykh,"Brahim Chouiykh",http://www.chambredesrepresentants.ma/en/m/bchouiykh,http://www.chambredesrepresentants.ma/sites/default/files/styles/thumbnail/public/pictures/picture-_367.jpg?itok=vdJSQeSx,"ابراهيم الشويخ","Brahim Chouiykh"
bdaif,"Brahim Daif",http://www.chambredesrepresentants.ma/en/m/bdaif,http://www.chambredesrepresentants.ma/sites/default/files/styles/thumbnail/public/pictures/picture-_285.jpg?itok=G0zHyq56,"ابراهيم الضعيف","Brahim Daif"
beddich,"Bouselham Eddich",http://www.chambredesrepresentants.ma/en/m/beddich,http://www.chambredesrepresentants.ma/sites/default/files/styles/thumbnail/public/pictures/picture-_107.jpg?itok=EFODM3nz,"بوسلهام الديش","Bouselham Eddich"
bfilali,"Badia Filali",http://www.chambredesrepresentants.ma/en/m/bfilali,http://www.chambredesrepresentants.ma/sites/default/files/styles/thumbnail/public/pictures/picture-_298.jpg?itok=_7-CMXJa,"بديعة الفيلالي","Badia Filali"
bkarouri,"Boutaina Karouri",http://www.chambredesrepresentants.ma/en/m/bkarouri,http://www.chambredesrepresentants.ma/sites/default/files/styles/thumbnail/public/pictures/picture-_310.jpg?itok=hfWgUG8H,"بثينة قروري","Boutaina Karouri"
blbida,"Bouadbid Lbida",http://www.chambredesrepresentants.ma/en/m/blbida,http://www.chambredesrepresentants.ma/sites/default/files/styles/thumbnail/public/pictures/picture-_138.jpg?itok=n5YIGTwc,"بوعبيد لبيدة","Bouadbid Lbida"
brachid,"Bahloul Rachid",http://www.chambredesrepresentants.ma/en/m/brachid,http://www.chambredesrepresentants.ma/sites/default/files/styles/thumbnail/public/pictures/picture-_198.jpg?itok=P9JQsAAY,"البهلول رشيد","Bahloul Rachid"
btahiri,"Badr Tahiri",http://www.chambredesrepresentants.ma/en/m/btahiri,http://www.chambredesrepresentants.ma/sites/default/files/styles/thumbnail/public/pictures/picture-_58.jpg?itok=RN2mHY45,"بدر طاهري","Badr Tahiri"
btouami,"Badr Touami",http://www.chambredesrepresentants.ma/en/m/btouami,http://www.chambredesrepresentants.ma/sites/default/files/styles/thumbnail/public/pictures/picture-_132.jpg?itok=TKsr8Sgz,"بدر التوامي","Badr Touami"
cghoulmi,"Cherki Ghoulmi",http://www.chambredesrepresentants.ma/en/m/cghoulmi,http://www.chambredesrepresentants.ma/sites/default/files/styles/thumbnail/public/pictures/picture-_144.jpg?itok=4p9jE7RW,"الشرقي الغلمي","Cherki Ghoulmi"
cimam,"Cheqran Imam",http://www.chambredesrepresentants.ma/en/m/cimam,http://www.chambredesrepresentants.ma/sites/default/files/styles/thumbnail/public/pictures/picture-_379.jpg?itok=8KuzP62f,"شقران امام","Cheqran Imam"
cmiyara,"Cheikh Miyara",http://www.chambredesrepresentants.ma/en/m/cmiyara,http://www.chambredesrepresentants.ma/sites/default/files/styles/thumbnail/public/pictures/picture-_370.jpg?itok=7-QaNUh4,"الشيخ ميارة","Cheikh Miyara"
cznaydi,"Cherkaoui Znaydi",http://www.chambredesrepresentants.ma/en/m/cznaydi,http://www.chambredesrepresentants.ma/sites/default/files/styles/thumbnail/public/pictures/picture-_137.jpg?itok=K3vPT4K2,"الشرقاوي الزنايدي","Cherkaoui Znaydi"
dchtibi,"Driss Chtibi",http://www.chambredesrepresentants.ma/en/m/dchtibi,http://www.chambredesrepresentants.ma/sites/default/files/styles/thumbnail/public/pictures/picture-_70.jpg?itok=EGZ3d1Ny,"ادريس اشطيبي","Driss Chtibi"
delazamielidrissi,"Driss ElAzami ElIdrissi",http://www.chambredesrepresentants.ma/en/m/delazamielidrissi,http://www.chambredesrepresentants.ma/sites/default/files/styles/thumbnail/public/pictures/picture-1043-1485171547.jpg?itok=ttRC9snx,"ادريس الازمي الادريسي","Driss ElAzami ElIdrissi"
djeddi,"Driss Jeddi",http://www.chambredesrepresentants.ma/en/m/djeddi,http://www.chambredesrepresentants.ma/sites/default/files/styles/thumbnail/public/pictures/picture-_42.jpg?itok=O5IXPTA2,"ادريس جدي","Driss Jeddi"
dmeskine,"Driss Meskine",http://www.chambredesrepresentants.ma/en/m/dmeskine,http://www.chambredesrepresentants.ma/sites/default/files/styles/thumbnail/public/pictures/picture-_69.jpg?itok=RWRbHW-l,"ادريس مسكين","Driss Meskine"
douqemni,"Driss Ouqemni",http://www.chambredesrepresentants.ma/en/m/douqemni,http://www.chambredesrepresentants.ma/sites/default/files/styles/thumbnail/public/pictures/picture-_48.jpg?itok=qZlI0lV3,"ادريس اوقمني","Driss Ouqemni"
dqechal,"Driss Qechal",http://www.chambredesrepresentants.ma/en/m/dqechal,http://www.chambredesrepresentants.ma/sites/default/files/styles/thumbnail/public/pictures/picture-_59.jpg?itok=4kaoCql9,"ادريس قشال","Driss Qechal"
dskalliadoui,"Driss Skalli Adoui",http://www.chambredesrepresentants.ma/en/m/dskalliadoui,http://www.chambredesrepresentants.ma/sites/default/files/styles/thumbnail/public/pictures/picture-1047-1484756624.jpg?itok=V6h13GVi,"ادريس صقلي عدوي","Driss Skalli Adoui"
dtemri,"Driss Temri",http://www.chambredesrepresentants.ma/en/m/dtemri,http://www.chambredesrepresentants.ma/sites/default/files/styles/thumbnail/public/pictures/picture-_235.jpg?itok=tmenXqh0,"ادريس الثمري","Driss Temri"
eameskane,"Essaid Ameskane",http://www.chambredesrepresentants.ma/en/m/eameskane,http://www.chambredesrepresentants.ma/sites/default/files/styles/thumbnail/public/pictures/picture-_244.jpg?itok=IrcuG2Cm,"السعيد امسكان","Essaid Ameskane"
eazougagh,"Elhoucine Azougagh",http://www.chambredesrepresentants.ma/en/m/eazougagh,http://www.chambredesrepresentants.ma/sites/default/files/styles/thumbnail/public/pictures/picture-_265.jpg?itok=tNA4E-Ct,"الحسين ازوكاغ","Elhoucine Azougagh"
ebenzaroual,"Essaad Benzaroual",http://www.chambredesrepresentants.ma/en/m/ebenzaroual,http://www.chambredesrepresentants.ma/sites/default/files/styles/thumbnail/public/pictures/picture-_119.jpg?itok=uNG8R0bA,"السعد ابن زروال","Essaad Benzaroual"
eboulon,"Essalek Boulon",http://www.chambredesrepresentants.ma/en/m/eboulon,http://www.chambredesrepresentants.ma/sites/default/files/styles/thumbnail/public/pictures/picture-_282.jpg?itok=w7jW2n1S,"السالك بولون","Essalek Boulon"
ebouzehay,"Elhoucine Bouzehay",http://www.chambredesrepresentants.ma/en/m/ebouzehay,http://www.chambredesrepresentants.ma/sites/default/files/styles/thumbnail/public/pictures/picture-_275.jpg?itok=8h5u6VIU,"الحسين بوزحاي","Elhoucine Bouzehay"
eelmalki,"Elhabib Elmalki",http://www.chambredesrepresentants.ma/en/m/eelmalki,http://www.chambredesrepresentants.ma/sites/default/files/styles/thumbnail/public/pictures/picture-_147.jpg?itok=AAEbaqOc,"الحبيب المالكي","Elhabib Elmalki"
eessadeq,"Essaid Essadeq",http://www.chambredesrepresentants.ma/en/m/eessadeq,http://www.chambredesrepresentants.ma/sites/default/files/styles/thumbnail/public/pictures/picture-_246.jpg?itok=T9IkTduI,"السعيد الصادق","Essaid Essadeq"
eharich,"Elhoucine Harich",http://www.chambredesrepresentants.ma/en/m/eharich,http://www.chambredesrepresentants.ma/sites/default/files/styles/thumbnail/public/pictures/picture-_369.jpg?itok=0NW1iQ8A,"الحسين حريش","Elhoucine Harich"
ehoussaini,"ElHabib Houssaini",http://www.chambredesrepresentants.ma/en/m/ehoussaini,http://www.chambredesrepresentants.ma/sites/default/files/styles/thumbnail/public/pictures/picture-_113.jpg?itok=VWi8lnxM,"الحبيب حسيني","ElHabib Houssaini"
emkhanter,"ElMustapha Mkhanter",http://www.chambredesrepresentants.ma/en/m/emkhanter,http://www.chambredesrepresentants.ma/sites/default/files/styles/thumbnail/public/pictures/picture-_178.jpg?itok=5MzwI9nj,"المصطفى المخنتر","ElMustapha Mkhanter"
eqada,"Elkbir Qada",http://www.chambredesrepresentants.ma/en/m/eqada,http://www.chambredesrepresentants.ma/sites/default/files/styles/thumbnail/public/pictures/picture-_47.jpg?itok=EozNFG5k,"الكبير قادة","Elkbir Qada"
eramid,"Elfatmi Ramid",http://www.chambredesrepresentants.ma/en/m/eramid,http://www.chambredesrepresentants.ma/sites/default/files/styles/thumbnail/public/pictures/picture-_155.jpg?itok=rLt9si31,"الفاطمي رميد","Elfatmi Ramid"
fahltakrour,"Fatima Ahl takrour",http://www.chambredesrepresentants.ma/en/m/fahltakrour,http://www.chambredesrepresentants.ma/sites/default/files/styles/thumbnail/public/pictures/picture-_323.jpg?itok=ud6w_Mo0,"فاطمة اهل تكرور","Fatima Ahl takrour"
fbersat,"Fatima Ezzahra Bersat",http://www.chambredesrepresentants.ma/en/m/fbersat,http://www.chambredesrepresentants.ma/sites/default/files/styles/thumbnail/public/pictures/picture-_375.jpg?itok=hiQ9Zxp1,"فاطمة الزهراء برصات","Fatima Ezzahra Bersat"
fchaabi,"Faouzi Chaabi",http://www.chambredesrepresentants.ma/en/m/fchaabi,http://www.chambredesrepresentants.ma/sites/default/files/styles/thumbnail/public/pictures/picture-_106.jpg?itok=h7dOvtFu,"فوزي الشعبي","Faouzi Chaabi"
fchoubani,"Fatiha Choubani",http://www.chambredesrepresentants.ma/en/m/fchoubani,http://www.chambredesrepresentants.ma/sites/default/files/styles/thumbnail/public/pictures/picture-_324.jpg?itok=uHE4Nwoz,"فاتحة شوباني","Fatiha Choubani"
fderqaoui,"Fouad Derqaoui",http://www.chambredesrepresentants.ma/en/m/fderqaoui,http://www.chambredesrepresentants.ma/sites/default/files/styles/thumbnail/public/pictures/picture-_34.jpg?itok=pKjdoQEV,"فؤاد الدرقاوي","Fouad Derqaoui"
felmansouri,"Fatima Ezzahra El Mansouri",http://www.chambredesrepresentants.ma/en/m/felmansouri,http://www.chambredesrepresentants.ma/sites/default/files/styles/thumbnail/public/pictures/picture-_205.jpg?itok=pNtY5es4,"فاطمة الزهراء المنصوري","Fatima Ezzahra El Mansouri"
felomari,"Fouad El Omari",http://www.chambredesrepresentants.ma/en/m/felomari,http://www.chambredesrepresentants.ma/sites/default/files/styles/thumbnail/public/pictures/picture-_0.jpg?itok=5ASpG_iV,"فؤاد العماري","Fouad El Omari"
fnazih,"Fatima Ezzahra Nazih",http://www.chambredesrepresentants.ma/en/m/fnazih,http://www.chambredesrepresentants.ma/sites/default/files/styles/thumbnail/public/pictures/picture-_341.jpg?itok=f8xhbEBo,"فاطمة الزهراء نزيه","Fatima Ezzahra Nazih"
fsaadi,"Fatima Saadi",http://www.chambredesrepresentants.ma/en/m/fsaadi,http://www.chambredesrepresentants.ma/sites/default/files/styles/thumbnail/public/pictures/picture-_299.jpg?itok=u21npqj_,"فاطمة سعدي","Fatima Saadi"
fsedas,"Fatiha Sedas",http://www.chambredesrepresentants.ma/en/m/fsedas,http://www.chambredesrepresentants.ma/sites/default/files/styles/thumbnail/public/pictures/picture-_346.jpg?itok=d5OPPgAK,"فتيحة سداس","Fatiha Sedas"
ftahiri,"Farouk Tahiri",http://www.chambredesrepresentants.ma/en/m/ftahiri,http://www.chambredesrepresentants.ma/sites/default/files/styles/thumbnail/public/pictures/picture-_31.jpg?itok=iJbO3Q_0,"فاروق الطاهري","Farouk Tahiri"
ftoussi,"Fatima Toussi",http://www.chambredesrepresentants.ma/en/m/ftoussi,http://www.chambredesrepresentants.ma/sites/default/files/styles/thumbnail/public/pictures/picture-_300.jpg?itok=8Lct-b9K,"فاطمة الطوسي","Fatima Toussi"
gaitbenelmadani,"Ghita Ait Ben Elmadani",http://www.chambredesrepresentants.ma/en/m/gaitbenelmadani,http://www.chambredesrepresentants.ma/sites/default/files/styles/thumbnail/public/pictures/picture-1300-1485174264.jpg?itok=XO6aMLYR,"غيتة ايت بن المدني","Ghita Ait Ben Elmadani"
gbadroun,"Ghita Badroun",http://www.chambredesrepresentants.ma/en/m/gbadroun,http://www.chambredesrepresentants.ma/sites/default/files/styles/thumbnail/public/pictures/picture-_354.jpg?itok=EeDarLbS,"غيثة بدرون","Ghita Badroun"
gelhatimi,"Ghita ElHatimi",http://www.chambredesrepresentants.ma/en/m/gelhatimi,http://www.chambredesrepresentants.ma/sites/default/files/styles/thumbnail/public/pictures/picture-_343.jpg?itok=jNozKM7m,"غيثة الحاتمي","Ghita ElHatimi"
gmerzouki,"Ghizlane Merzouki",http://www.chambredesrepresentants.ma/en/m/gmerzouki,http://www.chambredesrepresentants.ma/sites/default/files/styles/thumbnail/public/pictures/picture-_337.jpg?itok=XZAgt_Yd,"غزلان مرزوقي","Ghizlane Merzouki"
haarif,"Hassan Aarif",http://www.chambredesrepresentants.ma/en/m/haarif,http://www.chambredesrepresentants.ma/sites/default/files/styles/thumbnail/public/pictures/picture-_103.jpg?itok=SRJ4uayc,"حسن عاريف","Hassan Aarif"
hadili,"Hassan Adili",http://www.chambredesrepresentants.ma/en/m/hadili,http://www.chambredesrepresentants.ma/sites/default/files/styles/thumbnail/public/pictures/picture-_236.jpg?itok=U4wVv0Oi,"حسن عديلي","Hassan Adili"
haitbaha,"Hmad Ait baha",http://www.chambredesrepresentants.ma/en/m/haitbaha,http://www.chambredesrepresentants.ma/sites/default/files/styles/thumbnail/public/pictures/picture-_253.jpg?itok=lB4rkyqE,"حماد ايت بها","Hmad Ait baha"
hbelqsaoui,"Hakima Bel Qsaoui",http://www.chambredesrepresentants.ma/en/m/hbelqsaoui,http://www.chambredesrepresentants.ma/sites/default/files/styles/thumbnail/public/pictures/picture-_340.jpg?itok=g5xDweir,"حكيمة بل قساوي","Hakima Bel Qsaoui"
hbenomar,"Hassan Benomar",http://www.chambredesrepresentants.ma/en/m/hbenomar,http://www.chambredesrepresentants.ma/sites/default/files/styles/thumbnail/public/pictures/picture-_156.jpg?itok=z6fvPxeO,"حسن بن عمر","Hassan Benomar"
hboufrachen,"Hayat Boufrachen",http://www.chambredesrepresentants.ma/en/m/hboufrachen,http://www.chambredesrepresentants.ma/sites/default/files/styles/thumbnail/public/pictures/picture-_302.jpg?itok=TdSm0eLi,"حياة بوفراشن","Hayat Boufrachen"
hbourkalan,"Hassan Bourkalan",http://www.chambredesrepresentants.ma/en/m/hbourkalan,http://www.chambredesrepresentants.ma/sites/default/files/styles/thumbnail/public/pictures/picture-_251.jpg?itok=ttv3tDwm,"حسن بوركالن","Hassan Bourkalan"
hchabat,"Hamid Chabat",http://www.chambredesrepresentants.ma/en/m/hchabat,http://www.chambredesrepresentants.ma/sites/default/files/styles/thumbnail/public/pictures/picture-_52.jpg?itok=exONcxrT,"حميد شباط","Hamid Chabat"
hchafik,"Hachem Amine Chafik",http://www.chambredesrepresentants.ma/en/m/hchafik,http://www.chambredesrepresentants.ma/sites/default/files/styles/thumbnail/public/pictures/picture-_186.jpg?itok=w_QseMmK,"هاشم امين الشفيق","Hachem Amine Chafik"
helaarchi,"Hamid Elaarchi",http://www.chambredesrepresentants.ma/en/m/helaarchi,http://www.chambredesrepresentants.ma/sites/default/files/styles/thumbnail/public/pictures/picture-_148.jpg?itok=sfbJjf4L,"حميد العرشي","Hamid Elaarchi"
helbehja,"Hamid Elbehja",http://www.chambredesrepresentants.ma/en/m/helbehja,http://www.chambredesrepresentants.ma/sites/default/files/styles/thumbnail/public/pictures/picture-_272.jpg?itok=nVX0oITl,"حاميد البهجة","Hamid Elbehja"
helharis,"Hassan Elharis",http://www.chambredesrepresentants.ma/en/m/helharis,http://www.chambredesrepresentants.ma/sites/default/files/styles/thumbnail/public/pictures/picture-_200.jpg?itok=82Q8xZB5,"حسن الحارس","Hassan Elharis"
helmaski,"Hajar Elmaski",http://www.chambredesrepresentants.ma/en/m/helmaski,http://www.chambredesrepresentants.ma/sites/default/files/styles/thumbnail/public/pictures/picture-_338.jpg?itok=o_GZkYts,"هاجر المسقي","Hajar Elmaski"
helmechfoua,"Hayat Elmechfoua",http://www.chambredesrepresentants.ma/en/m/helmechfoua,http://www.chambredesrepresentants.ma/sites/default/files/styles/thumbnail/public/pictures/picture-_308.jpg?itok=P2P3TxTt,"حياة المشفوع","Hayat Elmechfoua"
hfilali,"Hassan Filali",http://www.chambredesrepresentants.ma/en/m/hfilali,http://www.chambredesrepresentants.ma/sites/default/files/styles/thumbnail/public/pictures/picture-_114.jpg?itok=W9yBLcjm,"حسن الفيلالي","Hassan Filali"
hfouad,"Halim Fouad",http://www.chambredesrepresentants.ma/en/m/hfouad,http://www.chambredesrepresentants.ma/sites/default/files/styles/thumbnail/public/pictures/picture-_129.jpg?itok=_EhNIdln,"حليم فؤاد","Halim Fouad"
hharami,"Hicham Harami",http://www.chambredesrepresentants.ma/en/m/hharami,http://www.chambredesrepresentants.ma/sites/default/files/styles/thumbnail/public/pictures/picture-_197.jpg?itok=vI2pGeL0,"هشام هرامي","Hicham Harami"
hibrahimi,"Hamid Ibrahimi",http://www.chambredesrepresentants.ma/en/m/hibrahimi,http://www.chambredesrepresentants.ma/sites/default/files/styles/thumbnail/public/pictures/picture-_127.jpg?itok=N2BSLg9c,"حميد ابراهيمي","Hamid Ibrahimi"
hlanser,"Hassan Lanser",http://www.chambredesrepresentants.ma/en/m/hlanser,http://www.chambredesrepresentants.ma/sites/default/files/styles/thumbnail/public/pictures/picture-_72.jpg?itok=q2YH4lGo,"حسن العنصر","Hassan Lanser"
houahbi,"Hamid Ouahbi",http://www.chambredesrepresentants.ma/en/m/houahbi,http://www.chambredesrepresentants.ma/sites/default/files/styles/thumbnail/public/pictures/picture-_258.jpg?itok=sYgcm7Ve,"حميد وهبي","Hamid Ouahbi"
houaissi,"Hamdi Ouaissi",http://www.chambredesrepresentants.ma/en/m/houaissi,http://www.chambredesrepresentants.ma/sites/default/files/styles/thumbnail/public/pictures/picture-_279.jpg?itok=E3Gd7-2d,"حامدي وايسي","Hamdi Ouaissi"
houkacha,"Hassan Oukacha",http://www.chambredesrepresentants.ma/en/m/houkacha,http://www.chambredesrepresentants.ma/sites/default/files/styles/thumbnail/public/pictures/picture-_188.jpg?itok=2bewVBe_,"حسن عوكاشا","Hassan Oukacha"
hrihab,"Hanane Rihab",http://www.chambredesrepresentants.ma/en/m/hrihab,http://www.chambredesrepresentants.ma/sites/default/files/styles/thumbnail/public/pictures/picture-_380.jpg?itok=AGPK88Iv,"حنان رحاب","Hanane Rihab"
hsaanan,"Hicham Saanan",http://www.chambredesrepresentants.ma/en/m/hsaanan,http://www.chambredesrepresentants.ma/sites/default/files/styles/thumbnail/public/pictures/picture-_232.jpg?itok=WaRLXKjt,"هشام سعنان","Hicham Saanan"
hskihil,"Hayat Skihil",http://www.chambredesrepresentants.ma/en/m/hskihil,http://www.chambredesrepresentants.ma/sites/default/files/styles/thumbnail/public/pictures/picture-_322.jpg?itok=hPVF9eS1,"حياة سكيحيل","Hayat Skihil"
hsoufi,"Hamz Soufi",http://www.chambredesrepresentants.ma/en/m/hsoufi,http://www.chambredesrepresentants.ma/sites/default/files/styles/thumbnail/public/pictures/picture-_215.jpg?itok=LexHbGdX,"حمز الصوفي","Hamz Soufi"
ianjar,"Idar Anjar",http://www.chambredesrepresentants.ma/en/m/ianjar,http://www.chambredesrepresentants.ma/sites/default/files/styles/thumbnail/public/pictures/picture-_219.jpg?itok=stGajqtG,"ايدار انجار","Idar Anjar"
iazzaoui,"Ibtissam Azzaoui",http://www.chambredesrepresentants.ma/en/m/iazzaoui,http://www.chambredesrepresentants.ma/sites/default/files/styles/thumbnail/public/pictures/picture-_360.jpg?itok=EqAJnIEl,"ابتسام عزاوي","Ibtissam Azzaoui"
ibekkali,"Ismail Bekkali",http://www.chambredesrepresentants.ma/en/m/ibekkali,http://www.chambredesrepresentants.ma/sites/default/files/styles/thumbnail/public/pictures/picture-_21.jpg?itok=cJABWtKH,"اسماعيل البقالي","Ismail Bekkali"
ibenrabiaa,"Imane Ben Rabiaa",http://www.chambredesrepresentants.ma/en/m/ibenrabiaa,http://www.chambredesrepresentants.ma/sites/default/files/styles/thumbnail/public/pictures/picture-_329.jpg?itok=wrK8WqNc,"ايمان بن ربيعة","Imane Ben Rabiaa"
ichoukri,"Ismail Choukri",http://www.chambredesrepresentants.ma/en/m/ichoukri,http://www.chambredesrepresentants.ma/sites/default/files/styles/thumbnail/public/pictures/picture-_257.jpg?itok=m03-OSuB,"اسماعيل شوكري","Ismail Choukri"
ielbouyesfi,"Ichrak Elbouyesfi",http://www.chambredesrepresentants.ma/en/m/ielbouyesfi,http://www.chambredesrepresentants.ma/sites/default/files/styles/thumbnail/public/pictures/picture-_314.jpg?itok=6tLlxfDi,"اشراق البويسفي","Ichrak Elbouyesfi"
ilemmaoui,"Ismail Lemmaoui",http://www.chambredesrepresentants.ma/en/m/ilemmaoui,http://www.chambredesrepresentants.ma/sites/default/files/styles/thumbnail/public/pictures/picture-_245.jpg?itok=QYq_vyp7,"اسماعيل لماوي","Ismail Lemmaoui"
imeras,"Ibtissam Meras",http://www.chambredesrepresentants.ma/en/m/imeras,http://www.chambredesrepresentants.ma/sites/default/files/styles/thumbnail/public/pictures/picture-_344.jpg?itok=KAsEw75t,"ابتسام مراس","Ibtissam Meras"
imouhi,"Ibrahim Mouhi",http://www.chambredesrepresentants.ma/en/m/imouhi,http://www.chambredesrepresentants.ma/sites/default/files/styles/thumbnail/public/pictures/picture-_136.jpg?itok=mF7Kpwmw,"ابراهيم الموحي","Ibrahim Mouhi"
iyaacoubi,"Imane Yaacoubi",http://www.chambredesrepresentants.ma/en/m/iyaacoubi,http://www.chambredesrepresentants.ma/sites/default/files/styles/thumbnail/public/pictures/picture-_365.jpg?itok=MJr8oIN2,"ايمان اليعقوبي","Imane Yaacoubi"
jafif,"Jamila Afif",http://www.chambredesrepresentants.ma/en/m/jafif,http://www.chambredesrepresentants.ma/sites/default/files/styles/thumbnail/public/pictures/picture-_208.jpg?itok=SceqHd9K,"جميلة عفيف","Jamila Afif"
jbenchekrounkrimi,"Jamal Benchekroun Krimi",http://www.chambredesrepresentants.ma/en/m/jbenchekrounkrimi,http://www.chambredesrepresentants.ma/sites/default/files/styles/thumbnail/public/pictures/picture-_374.jpg?itok=OIcQCEE2,"جمال بنشقرون كريمي","Jamal Benchekroun Krimi"
jdaouahi,"Jaouad Daouahi",http://www.chambredesrepresentants.ma/en/m/jdaouahi,http://www.chambredesrepresentants.ma/sites/default/files/styles/thumbnail/public/pictures/picture-_68.jpg?itok=nwHNhPXe,"جواد دواحي","Jaouad Daouahi"
jgharib,"Jaouad Gharib",http://www.chambredesrepresentants.ma/en/m/jgharib,http://www.chambredesrepresentants.ma/sites/default/files/styles/thumbnail/public/pictures/picture-_110.jpg?itok=7D8tTq8t,"جواد غريب","Jaouad Gharib"
jiraki,"jaouad Iraki",http://www.chambredesrepresentants.ma/en/m/jiraki,http://www.chambredesrepresentants.ma/sites/default/files/styles/thumbnail/public/pictures/picture-_154.jpg?itok=cpWHPWmf,"جواد عراقي","jaouad Iraki"
jmessaoudi,"Jamal Messaoudi",http://www.chambredesrepresentants.ma/en/m/jmessaoudi,http://www.chambredesrepresentants.ma/sites/default/files/styles/thumbnail/public/pictures/picture-_84.jpg?itok=p45cTFeA,"جمال مسعودي","Jamal Messaoudi"
jmoatassim,"Jamaa Moatassim",http://www.chambredesrepresentants.ma/en/m/jmoatassim,http://www.chambredesrepresentants.ma/sites/default/files/styles/thumbnail/public/pictures/picture-_94.jpg?itok=q-C_7Mze,"جامع المعتصم","Jamaa Moatassim"
jnaciri,"jaouad Naciri",http://www.chambredesrepresentants.ma/en/m/jnaciri,http://www.chambredesrepresentants.ma/sites/default/files/styles/thumbnail/public/pictures/picture-_254.jpg?itok=x7sPzekq,"جواد الناصري","jaouad Naciri"
kchami,"Khadija Chami",http://www.chambredesrepresentants.ma/en/m/kchami,http://www.chambredesrepresentants.ma/sites/default/files/styles/thumbnail/public/pictures/picture-_317.jpg?itok=D0ZisOVl,"خديجة شامي","Khadija Chami"
kchaoui,"Karim Chaoui",http://www.chambredesrepresentants.ma/en/m/kchaoui,http://www.chambredesrepresentants.ma/sites/default/files/styles/thumbnail/public/pictures/picture-_376.jpg?itok=kwy_6srX,"كريم شاوي","Karim Chaoui"
kchennaq,"Khaled Chennaq",http://www.chambredesrepresentants.ma/en/m/kchennaq,http://www.chambredesrepresentants.ma/sites/default/files/styles/thumbnail/public/pictures/picture-_383.jpg?itok=FcO1HnHX,"خالد الشناق","Khaled Chennaq"
kelboukarai,"Khalid ElBoukarai",http://www.chambredesrepresentants.ma/en/m/kelboukarai,http://www.chambredesrepresentants.ma/sites/default/files/styles/thumbnail/public/pictures/picture-_64.jpg?itok=18vZ6WTo,"خالد البوقرعي","Khalid ElBoukarai"
kelomari,"Kamal ElOmari",http://www.chambredesrepresentants.ma/en/m/kelomari,http://www.chambredesrepresentants.ma/sites/default/files/styles/thumbnail/public/pictures/picture-_382.jpg?itok=rTMpooHl,"كمال العمري","Kamal ElOmari"
klaafou,"Kamal Laafou",http://www.chambredesrepresentants.ma/en/m/klaafou,http://www.chambredesrepresentants.ma/sites/default/files/styles/thumbnail/public/pictures/picture-_378.jpg?itok=kVGjNuTs,"كمال لعفو","Kamal Laafou"
kmansouri,"Khaled Mansouri",http://www.chambredesrepresentants.ma/en/m/kmansouri,http://www.chambredesrepresentants.ma/sites/default/files/styles/thumbnail/public/pictures/picture-_128.jpg?itok=wBonolDx,"خالد المنصوري","Khaled Mansouri"
kredouani,"Khadija Redouani",http://www.chambredesrepresentants.ma/en/m/kredouani,http://www.chambredesrepresentants.ma/sites/default/files/styles/thumbnail/public/pictures/picture-_330.jpg?itok=oPdeo-BU,"خديجة رضواني","Khadija Redouani"
ktkoukin,"Khaled Tkoukin",http://www.chambredesrepresentants.ma/en/m/ktkoukin,http://www.chambredesrepresentants.ma/sites/default/files/styles/thumbnail/public/pictures/picture-_135.jpg?itok=woQlmIV-,"خاليد تكوكين","Khaled Tkoukin"
kziyani,"Khadija Ziyani",http://www.chambredesrepresentants.ma/en/m/kziyani,http://www.chambredesrepresentants.ma/sites/default/files/styles/thumbnail/public/pictures/picture-_336.jpg?itok=TDEwf4Ul,"خديجة الزياني","Khadija Ziyani"
lahkim,"Leila Ahkim",http://www.chambredesrepresentants.ma/en/m/lahkim,http://www.chambredesrepresentants.ma/sites/default/files/styles/thumbnail/public/pictures/picture-_339.jpg?itok=Uqd67IV6,"ليلى احكيم","Leila Ahkim"
laitichou,"Lahcen Ait Ichou",http://www.chambredesrepresentants.ma/en/m/laitichou,http://www.chambredesrepresentants.ma/sites/default/files/styles/thumbnail/public/pictures/picture-_143.jpg?itok=LYxZrqfo,"لحسن ايت اشو","Lahcen Ait Ichou"
ldaoudi,"Lahcen Daoudi",http://www.chambredesrepresentants.ma/en/m/ldaoudi,http://www.chambredesrepresentants.ma/sites/default/files/styles/thumbnail/public/pictures/picture-_125.jpg?itok=Cy74SvLS,"لحسن الداودي","Lahcen Daoudi"
lelhamoud,"Latifa Elhamoud",http://www.chambredesrepresentants.ma/en/m/lelhamoud,http://www.chambredesrepresentants.ma/sites/default/files/styles/thumbnail/public/pictures/picture-_307.jpg?itok=3jGY5ClD,"لطيفة الحمود","Latifa Elhamoud"
lelkohli,"Loubna Elkohli",http://www.chambredesrepresentants.ma/en/m/lelkohli,http://www.chambredesrepresentants.ma/sites/default/files/styles/thumbnail/public/pictures/picture-_362.jpg?itok=8XOOkEHc,"لبنى الكحلي","Loubna Elkohli"
lhaddad,"Lahcen Haddad",http://www.chambredesrepresentants.ma/en/m/lhaddad,http://www.chambredesrepresentants.ma/sites/default/files/styles/thumbnail/public/pictures/picture-_149.jpg?itok=z46dX8hI,"لحسن حداد","Lahcen Haddad"
louaari,"Lahcen Ouaari",http://www.chambredesrepresentants.ma/en/m/louaari,http://www.chambredesrepresentants.ma/sites/default/files/styles/thumbnail/public/pictures/picture-_255.jpg?itok=DDvP0F1Z,"لحسن واعري","Lahcen Ouaari"
lsekkouri,"Lahcen Sekkouri",http://www.chambredesrepresentants.ma/en/m/lsekkouri,http://www.chambredesrepresentants.ma/sites/default/files/styles/thumbnail/public/pictures/picture-_71.jpg?itok=ufbCDYet,"لحسن سكوري","Lahcen Sekkouri"
ltahiri,"Loubna Tahiri",http://www.chambredesrepresentants.ma/en/m/ltahiri,http://www.chambredesrepresentants.ma/sites/default/files/styles/thumbnail/public/pictures/picture-_342.jpg?itok=MErFH-SL,"لبنى طاهري","Loubna Tahiri"
mabbou,"Mohamed Abbou",http://www.chambredesrepresentants.ma/en/m/mabbou,http://www.chambredesrepresentants.ma/sites/default/files/styles/thumbnail/public/pictures/picture-_76.jpg?itok=SuerLFcN,"محمد عبو","Mohamed Abbou"
machrit,"Mouna Achrit",http://www.chambredesrepresentants.ma/en/m/machrit,http://www.chambredesrepresentants.ma/sites/default/files/styles/thumbnail/public/pictures/picture-_357.jpg?itok=X03lfxC9,"مونى اشريط","Mouna Achrit"
maftati,"Mimouna Aftati",http://www.chambredesrepresentants.ma/en/m/maftati,http://www.chambredesrepresentants.ma/sites/default/files/styles/thumbnail/public/pictures/picture-_311.jpg?itok=-DGABEui,"ميمونة افتاتي","Mimouna Aftati"
mahnine,"Mohamed Larbi Ahnine",http://www.chambredesrepresentants.ma/en/m/mahnine,http://www.chambredesrepresentants.ma/sites/default/files/styles/thumbnail/public/pictures/picture-_8.jpg?itok=7mlSSgvg,"محمد العربي احنين","Mohamed Larbi Ahnine"
mahouit,"Mohamed Ahouit",http://www.chambredesrepresentants.ma/en/m/mahouit,http://www.chambredesrepresentants.ma/sites/default/files/styles/thumbnail/public/pictures/picture-_25.jpg?itok=O-ct-a84,"محمد احويط","Mohamed Ahouit"
maithammou,"Miloud Ait Hammou",http://www.chambredesrepresentants.ma/en/m/maithammou,http://www.chambredesrepresentants.ma/sites/default/files/styles/thumbnail/public/pictures/picture-1205-1485174622.jpg?itok=0n39hd2I,"ميلود ايت حمو","Miloud Ait Hammou"
majbil,"Mohamed Ajbil",http://www.chambredesrepresentants.ma/en/m/majbil,http://www.chambredesrepresentants.ma/sites/default/files/styles/thumbnail/public/pictures/picture-_174.jpg?itok=n4Qxx-Ya,"محمد اجبيل","Mohamed Ajbil"
malami,"Meriem Alami",http://www.chambredesrepresentants.ma/en/m/malami,http://www.chambredesrepresentants.ma/sites/default/files/styles/thumbnail/public/pictures/picture-_303.jpg?itok=cXhx0DAt,"مريم عالمي","Meriem Alami"
mamghar,"Mohamed Amghar",http://www.chambredesrepresentants.ma/en/m/mamghar,http://www.chambredesrepresentants.ma/sites/default/files/styles/thumbnail/public/pictures/picture-_80.jpg?itok=v-zreR3O,"محمد امغار","Mohamed Amghar"
mamri,"Mahmoud Amri",http://www.chambredesrepresentants.ma/en/m/mamri,http://www.chambredesrepresentants.ma/sites/default/files/styles/thumbnail/public/pictures/picture-1358-1485172965.jpg?itok=emwOa8pG,"محمود امري","Mahmoud Amri"
mbaytas,"Mustapha Baytas",http://www.chambredesrepresentants.ma/en/m/mbaytas,http://www.chambredesrepresentants.ma/sites/default/files/styles/thumbnail/public/pictures/picture-_381.jpg?itok=C785kPZ0,"مصطفى بايتاس","Mustapha Baytas"
mbekkaoui,"Mohamed Bekkaoui",http://www.chambredesrepresentants.ma/en/m/mbekkaoui,http://www.chambredesrepresentants.ma/sites/default/files/styles/thumbnail/public/pictures/picture-_40.jpg?itok=1Ha-Ml3v,"محمد البكاوي","Mohamed Bekkaoui"
mbelafkih,"Mohamed Belafkih",http://www.chambredesrepresentants.ma/en/m/mbelafkih,http://www.chambredesrepresentants.ma/sites/default/files/styles/thumbnail/public/pictures/picture-_283.jpg?itok=XEAcXhzW,"محمد بلفقيه","Mohamed Belafkih"
mbelcaid,"Mohamed Larbi Belcaid",http://www.chambredesrepresentants.ma/en/m/mbelcaid,http://www.chambredesrepresentants.ma/sites/default/files/styles/thumbnail/public/pictures/picture-_211.jpg?itok=7nlaMozo,"محمد العربي بلقائد","Mohamed Larbi Belcaid"
mbelhassan,"Mohamed Belhassan",http://www.chambredesrepresentants.ma/en/m/mbelhassan,http://www.chambredesrepresentants.ma/sites/default/files/styles/thumbnail/public/pictures/picture-_240.jpg?itok=OFMcLj-D,"محمد بلحسان","Mohamed Belhassan"
mbenarbia,"Majda Benarbia",http://www.chambredesrepresentants.ma/en/m/mbenarbia,http://www.chambredesrepresentants.ma/sites/default/files/styles/thumbnail/public/pictures/picture-_309.jpg?itok=ngNUbToD,"مجدة بنعربية","Majda Benarbia"
mbenatiya,"Mohamed Benatiya",http://www.chambredesrepresentants.ma/en/m/mbenatiya,http://www.chambredesrepresentants.ma/sites/default/files/styles/thumbnail/public/pictures/picture-_99.jpg?itok=o2ICqS3G,"محمد بنعطية","Mohamed Benatiya"
mbenjelloul,"Mohamed Benjelloul",http://www.chambredesrepresentants.ma/en/m/mbenjelloul,http://www.chambredesrepresentants.ma/sites/default/files/styles/thumbnail/public/pictures/picture-_189.jpg?itok=jd8auN4P,"محمد بنجلول","Mohamed Benjelloul"
mbernichi,"Mohamed Bernichi",http://www.chambredesrepresentants.ma/en/m/mbernichi,http://www.chambredesrepresentants.ma/sites/default/files/styles/thumbnail/public/pictures/picture-_44.jpg?itok=gUOTqvkB,"محمد البرنيشي","Mohamed Bernichi"
mbouaida,"Mbarka Bouaida",http://www.chambredesrepresentants.ma/en/m/mbouaida,http://www.chambredesrepresentants.ma/sites/default/files/styles/thumbnail/public/pictures/picture-_278.jpg?itok=1yCzmH2E,"مباركة بوعيدة","Mbarka Bouaida"
mboubker,"Mohamed Boubker",http://www.chambredesrepresentants.ma/en/m/mboubker,http://www.chambredesrepresentants.ma/sites/default/files/styles/thumbnail/public/pictures/picture-_296.jpg?itok=_UzUpftG,"محمد بوبكر","Mohamed Boubker"
mbouchnif,"Mohamed Bouchnif",http://www.chambredesrepresentants.ma/en/m/mbouchnif,http://www.chambredesrepresentants.ma/sites/default/files/styles/thumbnail/public/pictures/picture-_192.jpg?itok=S2RVs5ne,"محمد بوشنيف","Mohamed Bouchnif"
mboudes,"Mohamed Boudes",http://www.chambredesrepresentants.ma/en/m/mboudes,http://www.chambredesrepresentants.ma/sites/default/files/styles/thumbnail/public/pictures/picture-_82.jpg?itok=UgsKx_jg,"محمد بودس","Mohamed Boudes"
mbouhdoud,"Mohamed Bouhdoud",http://www.chambredesrepresentants.ma/en/m/mbouhdoud,http://www.chambredesrepresentants.ma/sites/default/files/styles/thumbnail/public/pictures/picture-_269.jpg?itok=YQvfW-r-,"محمد بوهدود","Mohamed Bouhdoud"
mboujemaa,"Meriama Boujemaa",http://www.chambredesrepresentants.ma/en/m/mboujemaa,http://www.chambredesrepresentants.ma/sites/default/files/styles/thumbnail/public/pictures/picture-_316.jpg?itok=PDrqeaQq,"مريمة بوجمعة","Meriama Boujemaa"
mboulif,"Mohamed Najib Boulif",http://www.chambredesrepresentants.ma/en/m/mboulif,http://www.chambredesrepresentants.ma/sites/default/files/styles/thumbnail/public/pictures/picture-_1.jpg?itok=c85676fm,"محمد نجيب بوليف","Mohamed Najib Boulif"
mbourkayou,"Mouloud Bourkayou",http://www.chambredesrepresentants.ma/en/m/mbourkayou,http://www.chambredesrepresentants.ma/sites/default/files/styles/thumbnail/public/pictures/picture-_133.jpg?itok=3JS3YMCt,"مولود بركايو","Mouloud Bourkayou"
mchennaoui,"Mustapha Chennaoui",http://www.chambredesrepresentants.ma/en/m/mchennaoui,http://www.chambredesrepresentants.ma/sites/default/files/styles/thumbnail/public/pictures/picture-1137-1485344439.jpg?itok=QgsqP8HN,"مصطفى شناوي","Mustapha Chennaoui"
mchrourou,"Mohamed Chrourou",http://www.chambredesrepresentants.ma/en/m/mchrourou,http://www.chambredesrepresentants.ma/sites/default/files/styles/thumbnail/public/pictures/picture-_112.jpg?itok=LU27gK0I,"محمد اشرورو","Mohamed Chrourou"
mdidi,"Mohamed Elamine Didi",http://www.chambredesrepresentants.ma/en/m/mdidi,http://www.chambredesrepresentants.ma/sites/default/files/styles/thumbnail/public/pictures/picture-_294.jpg?itok=j3iPQ6uc,"محمد الامين ديدى","Mohamed Elamine Didi"
mdrissi,"Mohamed Drissi",http://www.chambredesrepresentants.ma/en/m/mdrissi,http://www.chambredesrepresentants.ma/sites/default/files/styles/thumbnail/public/pictures/picture-_73.jpg?itok=iDyBEjE9,"محمد دريسي","Mohamed Drissi"
melhafed,"Mohamed Elhafed",http://www.chambredesrepresentants.ma/en/m/melhafed,http://www.chambredesrepresentants.ma/sites/default/files/styles/thumbnail/public/pictures/picture-_120.jpg?itok=JKWxjmHf,"محمد الحافظ","Mohamed Elhafed"
melharti,"Mohamed Elharti",http://www.chambredesrepresentants.ma/en/m/melharti,http://www.chambredesrepresentants.ma/sites/default/files/styles/thumbnail/public/pictures/picture-_57.jpg?itok=ggUKLByP,"محمد الحارتي","Mohamed Elharti"
melhaya,"Mustapha Elhaya",http://www.chambredesrepresentants.ma/en/m/melhaya,http://www.chambredesrepresentants.ma/sites/default/files/styles/thumbnail/public/pictures/picture-_172.jpg?itok=4dc3xWeb,"مصطفى الحيا","Mustapha Elhaya"
melhilali,"Mohamed ElHilali",http://www.chambredesrepresentants.ma/en/m/melhilali,http://www.chambredesrepresentants.ma/sites/default/files/styles/thumbnail/public/pictures/picture-_100.jpg?itok=PxVsxusC,"محمد الهلالي","Mohamed ElHilali"
melkhalfi,"Mustapha Elkhalfi",http://www.chambredesrepresentants.ma/en/m/melkhalfi,http://www.chambredesrepresentants.ma/sites/default/files/styles/thumbnail/public/pictures/picture-_201.jpg?itok=HZniBE9B,"مصطفى الخلفي","Mustapha Elkhalfi"
melkordi,"Mustapha Elkordi",http://www.chambredesrepresentants.ma/en/m/melkordi,http://www.chambredesrepresentants.ma/sites/default/files/styles/thumbnail/public/pictures/picture-_271.jpg?itok=iotN6KpQ,"مصطفى الكردي","Mustapha Elkordi"
melomari,"Mustapha ElOmari",http://www.chambredesrepresentants.ma/en/m/melomari,http://www.chambredesrepresentants.ma/sites/default/files/styles/thumbnail/public/pictures/picture-_241.jpg?itok=930BRqpK,"مصطفى العمري","Mustapha ElOmari"
melotmani,"Mohamed Elotmani",http://www.chambredesrepresentants.ma/en/m/melotmani,http://www.chambredesrepresentants.ma/sites/default/files/styles/thumbnail/public/pictures/picture-_29.jpg?itok=07Bo26yR,"محمد العثماني","Mohamed Elotmani"
melqori,"Mustapha ElQori",http://www.chambredesrepresentants.ma/en/m/melqori,http://www.chambredesrepresentants.ma/sites/default/files/styles/thumbnail/public/pictures/picture-_41.jpg?itok=QcDPcDKN,"المصطفى القوري","Mustapha ElQori"
mfadili,"Mohamed Fadili",http://www.chambredesrepresentants.ma/en/m/mfadili,http://www.chambredesrepresentants.ma/sites/default/files/styles/thumbnail/public/pictures/picture-_36.jpg?itok=sbCrOubj,"محمد فضيلي","Mohamed Fadili"
mghalem,"Mohamed Ghalem",http://www.chambredesrepresentants.ma/en/m/mghalem,http://www.chambredesrepresentants.ma/sites/default/files/styles/thumbnail/public/pictures/picture-_260.jpg?itok=BWEJ0LrP,"محمد غالم","Mohamed Ghalem"
mhabdi,"Moulay Zoubir Habdi",http://www.chambredesrepresentants.ma/en/m/mhabdi,http://www.chambredesrepresentants.ma/sites/default/files/styles/thumbnail/public/pictures/picture-_292.jpg?itok=dcnQNr91,"مولاي زبير حبدي","Moulay Zoubir Habdi"
mhamdaoui,"Mohamed Hamdaoui",http://www.chambredesrepresentants.ma/en/m/mhamdaoui,http://www.chambredesrepresentants.ma/sites/default/files/styles/thumbnail/public/pictures/picture-_14.jpg?itok=_3-s47eN,"محمد الحمداوي","Mohamed Hamdaoui"
mhefiani,"Mohamed Hefiani",http://www.chambredesrepresentants.ma/en/m/mhefiani,http://www.chambredesrepresentants.ma/sites/default/files/styles/thumbnail/public/pictures/picture-_124.jpg?itok=rPZYuSqq,"محمد الحفياني","Mohamed Hefiani"
mhejira,"Mohamed Hejira",http://www.chambredesrepresentants.ma/en/m/mhejira,http://www.chambredesrepresentants.ma/sites/default/files/styles/thumbnail/public/pictures/picture-_77.jpg?itok=BrfoHrwR,"محمد الحجيرة","Mohamed Hejira"
mhemmouti,"Mohamed Hemmouti",http://www.chambredesrepresentants.ma/en/m/mhemmouti,http://www.chambredesrepresentants.ma/sites/default/files/styles/thumbnail/public/pictures/picture-_17.jpg?itok=7iOdn672,"محمد الحموتي","Mohamed Hemmouti"
mibrahimi,"Mohamed Ibrahimi",http://www.chambredesrepresentants.ma/en/m/mibrahimi,http://www.chambredesrepresentants.ma/sites/default/files/styles/thumbnail/public/pictures/picture-_39.jpg?itok=lFnIYFZ2,"محمد ابراهيمي","Mohamed Ibrahimi"
midaomar,"Mohamed Idaomar",http://www.chambredesrepresentants.ma/en/m/midaomar,http://www.chambredesrepresentants.ma/sites/default/files/styles/thumbnail/public/pictures/picture-_6.jpg?itok=qARNNWGs,"محمد ادعمار","Mohamed Idaomar"
midmoussa,"Mohamed Idmoussa",http://www.chambredesrepresentants.ma/en/m/midmoussa,http://www.chambredesrepresentants.ma/sites/default/files/styles/thumbnail/public/pictures/picture-_218.jpg?itok=8uQRMCFu,"محمد ادموسى","Mohamed Idmoussa"
mjoudar,"Mohamed Joudar",http://www.chambredesrepresentants.ma/en/m/mjoudar,http://www.chambredesrepresentants.ma/sites/default/files/styles/thumbnail/public/pictures/picture-_171.jpg?itok=aV_rd8Gt,"محمد جودار","Mohamed Joudar"
mjoumani,"Sidi Mohamed Salem Joumani",http://www.chambredesrepresentants.ma/en/m/mjoumani,http://www.chambredesrepresentants.ma/sites/default/files/styles/thumbnail/public/pictures/picture-_286.jpg?itok=bYVqKH36,"سيدي محمد سالم الجماني","Sidi Mohamed Salem Joumani"
mkarim,"Mohamed Karim",http://www.chambredesrepresentants.ma/en/m/mkarim,http://www.chambredesrepresentants.ma/sites/default/files/styles/thumbnail/public/pictures/picture-_231.jpg?itok=ECEt6KRK,"محمد كاريم","Mohamed Karim"
mkhalil,"Malika Khalil",http://www.chambredesrepresentants.ma/en/m/mkhalil,http://www.chambredesrepresentants.ma/sites/default/files/styles/thumbnail/public/pictures/picture-_301.jpg?itok=CsoFhDeU,"مالكة خليل","Malika Khalil"
mkhayyi,"Mohamed Khayyi",http://www.chambredesrepresentants.ma/en/m/mkhayyi,http://www.chambredesrepresentants.ma/sites/default/files/styles/thumbnail/public/pictures/picture-_3.jpg?itok=PaDI9dnw,"محمد خيي","Mohamed Khayyi"
mkrimen,"Mohamed Krimen",http://www.chambredesrepresentants.ma/en/m/mkrimen,http://www.chambredesrepresentants.ma/sites/default/files/styles/thumbnail/public/pictures/picture-_190.jpg?itok=CBqaBZx6,"محمد كريمن","Mohamed Krimen"
mlaaraj,"Mohamed Laaraj",http://www.chambredesrepresentants.ma/en/m/mlaaraj,http://www.chambredesrepresentants.ma/sites/default/files/styles/thumbnail/public/pictures/picture-_18.jpg?itok=0qGX1X3b,"محمد الاعرج","Mohamed Laaraj"
mlachgar,"Mohamed Lachgar",http://www.chambredesrepresentants.ma/en/m/mlachgar,http://www.chambredesrepresentants.ma/sites/default/files/styles/thumbnail/public/pictures/picture-_263.jpg?itok=08bmbcBk,"محمد لشكر","Mohamed Lachgar"
mlahmouch,"Mohamed Lahmouch",http://www.chambredesrepresentants.ma/en/m/mlahmouch,http://www.chambredesrepresentants.ma/sites/default/files/styles/thumbnail/public/pictures/picture-_111.jpg?itok=FFxnOyht,"محمد لحموش","Mohamed Lahmouch"
mlaraki,"Mohamed Kamal Laraki",http://www.chambredesrepresentants.ma/en/m/mlaraki,http://www.chambredesrepresentants.ma/sites/default/files/styles/thumbnail/public/pictures/picture-_217.jpg?itok=xXZ3iis5,"محمد كمال العراقي","Mohamed Kamal Laraki"
mlemhajri,"Moulay Hicham Lemhajri",http://www.chambredesrepresentants.ma/en/m/mlemhajri,http://www.chambredesrepresentants.ma/sites/default/files/styles/thumbnail/public/pictures/picture-_214.jpg?itok=lVuIemtj,"مولاي هشام المهاجري","Moulay Hicham Lemhajri"
mlkourch,"Mourad Lkourch",http://www.chambredesrepresentants.ma/en/m/mlkourch,http://www.chambredesrepresentants.ma/sites/default/files/styles/thumbnail/public/pictures/picture-_216.jpg?itok=1H_z0CWb,"مراد لكورش","Mourad Lkourch"
mmaayit,"Mohamed Maayit",http://www.chambredesrepresentants.ma/en/m/mmaayit,http://www.chambredesrepresentants.ma/sites/default/files/styles/thumbnail/public/pictures/picture-_173.jpg?itok=pQjl3LQd,"محمد معايط","Mohamed Maayit"
mmansouri,"Mustapha Mansouri",http://www.chambredesrepresentants.ma/en/m/mmansouri,http://www.chambredesrepresentants.ma/sites/default/files/styles/thumbnail/public/pictures/picture-_30.jpg?itok=IQrW_ued,"المصطفى المنصوري","Mustapha Mansouri"
mmehria,"Mouloud Mehria",http://www.chambredesrepresentants.ma/en/m/mmehria,http://www.chambredesrepresentants.ma/sites/default/files/styles/thumbnail/public/pictures/picture-_237.jpg?itok=yr-ufNAs,"ملود مهرية","Mouloud Mehria"
mmelahi,"Mohamed Melahi",http://www.chambredesrepresentants.ma/en/m/mmelahi,http://www.chambredesrepresentants.ma/sites/default/files/styles/thumbnail/public/pictures/picture-992-1484672645.png?itok=BZlCHA9L,"محمد الملاحي","Mohamed Melahi"
mmellal,"Mohamed Mellal",http://www.chambredesrepresentants.ma/en/m/mmellal,http://www.chambredesrepresentants.ma/sites/default/files/styles/thumbnail/public/pictures/picture-_226.jpg?itok=x9Dk1CYP,"محمد ملال","Mohamed Mellal"
mmerzouk,"Mohamed Merzouk",http://www.chambredesrepresentants.ma/en/m/mmerzouk,http://www.chambredesrepresentants.ma/sites/default/files/styles/thumbnail/public/pictures/picture-_126.jpg?itok=zilg09K_,"محمد مرزوق","Mohamed Merzouk"
mmoubdi,"Mohamed Moubdi",http://www.chambredesrepresentants.ma/en/m/mmoubdi,http://www.chambredesrepresentants.ma/sites/default/files/styles/thumbnail/public/pictures/picture-_140.jpg?itok=EqXTCb7H,"محمد مبديع","Mohamed Moubdi"
mmoudden,"Mounayna Moudden",http://www.chambredesrepresentants.ma/en/m/mmoudden,http://www.chambredesrepresentants.ma/sites/default/files/styles/thumbnail/public/pictures/picture-_321.jpg?itok=A7-Mchvh,"منينة مودن","Mounayna Moudden"
mmoufdi,"Mohcine Moufdi",http://www.chambredesrepresentants.ma/en/m/mmoufdi,http://www.chambredesrepresentants.ma/sites/default/files/styles/thumbnail/public/pictures/picture-_366.jpg?itok=BXBVKV7w,"محسن موفيدي","Mohcine Moufdi"
mnacer,"Mohamed Nacer",http://www.chambredesrepresentants.ma/en/m/mnacer,http://www.chambredesrepresentants.ma/sites/default/files/styles/thumbnail/public/pictures/picture-_43.jpg?itok=K3HFTg-Q,"محمد ناصر","Mohamed Nacer"
mnazoumi,"Mohamed Elhabib Nazoumi",http://www.chambredesrepresentants.ma/en/m/mnazoumi,http://www.chambredesrepresentants.ma/sites/default/files/styles/thumbnail/public/pictures/picture-_277.jpg?itok=R9-COtI2,"محمد الحبيب نازومي","Mohamed Elhabib Nazoumi"
mouahssat,"Meriem Ouahssat",http://www.chambredesrepresentants.ma/en/m/mouahssat,http://www.chambredesrepresentants.ma/sites/default/files/styles/thumbnail/public/pictures/picture-_358.jpg?itok=_W2323M9,"مريم وحساة","Meriem Ouahssat"
mouldrchid,"Moulay Hamdi Ould Rchid",http://www.chambredesrepresentants.ma/en/m/mouldrchid,http://www.chambredesrepresentants.ma/sites/default/files/styles/thumbnail/public/pictures/picture-_287.jpg?itok=Dc2_3aQD,"مولاي حمدي ولد الرشيد","Moulay Hamdi Ould Rchid"
mourich,"Mohamed Ourich",http://www.chambredesrepresentants.ma/en/m/mourich,http://www.chambredesrepresentants.ma/sites/default/files/styles/thumbnail/public/pictures/picture-_268.jpg?itok=ANqk4wui,"محمد اوريش","Mohamed Ourich"
mouzzine,"Mohamed Ouzzine",http://www.chambredesrepresentants.ma/en/m/mouzzine,http://www.chambredesrepresentants.ma/sites/default/files/styles/thumbnail/public/pictures/picture-_66.jpg?itok=fHkbIxvA,"محمد والزين","Mohamed Ouzzine"
mqarrouq,"Mohamed Qarrouq",http://www.chambredesrepresentants.ma/en/m/mqarrouq,http://www.chambredesrepresentants.ma/sites/default/files/styles/thumbnail/public/pictures/picture-_4.jpg?itok=5o3ceAo7,"محمد قروق","Mohamed Qarrouq"
mrahoui,"Mounira Rahoui",http://www.chambredesrepresentants.ma/en/m/mrahoui,http://www.chambredesrepresentants.ma/sites/default/files/styles/thumbnail/public/pictures/picture-_331.jpg?itok=UjPsNKjE,"منيرة الرحوي","Mounira Rahoui"
mreddad,"Mustapha Reddad",http://www.chambredesrepresentants.ma/en/m/mreddad,http://www.chambredesrepresentants.ma/sites/default/files/styles/thumbnail/public/pictures/picture-_131.jpg?itok=CfOkR41m,"المصطفى الرداد","Mustapha Reddad"
mrejdali,"Moh Rejdali",http://www.chambredesrepresentants.ma/en/m/mrejdali,http://www.chambredesrepresentants.ma/sites/default/files/styles/thumbnail/public/pictures/picture-_101.jpg?itok=S6o4Oc1_,"موح رجدالي","Moh Rejdali"
msafa,"Mbarka Safa",http://www.chambredesrepresentants.ma/en/m/msafa,http://www.chambredesrepresentants.ma/sites/default/files/styles/thumbnail/public/pictures/picture-_306.jpg?itok=nSBOXfeB,"مباركة صفا","Mbarka Safa"
mseddiki,"Mohamed Seddiki",http://www.chambredesrepresentants.ma/en/m/mseddiki,http://www.chambredesrepresentants.ma/sites/default/files/styles/thumbnail/public/pictures/picture-_86.jpg?itok=0lwRvbim,"محمد صديقي","Mohamed Seddiki"
msimo,"Mohamed Simo",http://www.chambredesrepresentants.ma/en/m/msimo,http://www.chambredesrepresentants.ma/sites/default/files/styles/thumbnail/public/pictures/picture-_12.jpg?itok=RrkoDh_b,"محمد السيمو","Mohamed Simo"
mtadoumant,"Mustapha Tadoumant",http://www.chambredesrepresentants.ma/en/m/mtadoumant,http://www.chambredesrepresentants.ma/sites/default/files/styles/thumbnail/public/pictures/picture-_276.jpg?itok=8J8JLgsU,"مصطفى تضومانت","Mustapha Tadoumant"
mtahiri,"Mfeddel Tahiri",http://www.chambredesrepresentants.ma/en/m/mtahiri,http://www.chambredesrepresentants.ma/sites/default/files/styles/thumbnail/public/pictures/picture-_78.jpg?itok=5App0WO7,"المفضل الطاهري","Mfeddel Tahiri"
mtalbi,"Mina Talbi",http://www.chambredesrepresentants.ma/en/m/mtalbi,http://www.chambredesrepresentants.ma/sites/default/files/styles/thumbnail/public/pictures/picture-_347.jpg?itok=UwJRKIM9,"مينة الطالبي","Mina Talbi"
mtaouil,"Mohamed Taouil",http://www.chambredesrepresentants.ma/en/m/mtaouil,http://www.chambredesrepresentants.ma/sites/default/files/styles/thumbnail/public/pictures/picture-_361.jpg?itok=sQRQG4Ie,"محمد الطويل","Mohamed Taouil"
mtarmounia,"Mbarek Tarmounia",http://www.chambredesrepresentants.ma/en/m/mtarmounia,http://www.chambredesrepresentants.ma/sites/default/files/styles/thumbnail/public/pictures/picture-_182.jpg?itok=TXc_5mwT,"امبارك الطرمونية","Mbarek Tarmounia"
mtoba,"Moulay Elbachir Toba",http://www.chambredesrepresentants.ma/en/m/mtoba,http://www.chambredesrepresentants.ma/sites/default/files/styles/thumbnail/public/pictures/picture-_207.jpg?itok=B3AREHM2,"مولاي البشير طوبا","Moulay Elbachir Toba"
mtoufla,"Mohamed Toufla",http://www.chambredesrepresentants.ma/en/m/mtoufla,http://www.chambredesrepresentants.ma/sites/default/files/styles/thumbnail/public/pictures/picture-_210.jpg?itok=dXjujN2J,"محمد توفلة","Mohamed Toufla"
mtouimibenjelloun,"Mohamed Touimi Benjelloun",http://www.chambredesrepresentants.ma/en/m/mtouimibenjelloun,http://www.chambredesrepresentants.ma/sites/default/files/styles/thumbnail/public/pictures/picture-1141-1485174712.jpg?itok=jOXzViq4,"محمد التويمي بن جلون","Mohamed Touimi Benjelloun"
mtoutou,"Mustapha Toutou",http://www.chambredesrepresentants.ma/en/m/mtoutou,http://www.chambredesrepresentants.ma/sites/default/files/styles/thumbnail/public/pictures/picture-_37.jpg?itok=2T4Spwln,"مصطفى توتو","Mustapha Toutou"
muibrahimi,"Mustapha Ibrahimi",http://www.chambredesrepresentants.ma/en/m/muibrahimi,http://www.chambredesrepresentants.ma/sites/default/files/styles/thumbnail/public/pictures/picture-_105.jpg?itok=_N6B1FCj,"مصطفى ابراهيمي","Mustapha Ibrahimi"
myatim,"Mohamed Yatim",http://www.chambredesrepresentants.ma/en/m/myatim,http://www.chambredesrepresentants.ma/sites/default/files/styles/thumbnail/public/pictures/picture-_166.jpg?itok=hhCLLUp3,"محمد يتيم","Mohamed Yatim"
myoussef,"Mohamed Youssef",http://www.chambredesrepresentants.ma/en/m/myoussef,http://www.chambredesrepresentants.ma/sites/default/files/styles/thumbnail/public/pictures/picture-_67.jpg?itok=G6sJJjpW,"محمد يوسف","Mohamed Youssef"
mzahraoui,"Mohamed Zahraoui",http://www.chambredesrepresentants.ma/en/m/mzahraoui,http://www.chambredesrepresentants.ma/sites/default/files/styles/thumbnail/public/pictures/picture-_181.jpg?itok=Chfx8X3L,"محمد الزهراوي","Mohamed Zahraoui"
mzekrani,"Mohamed Zekrani",http://www.chambredesrepresentants.ma/en/m/mzekrani,http://www.chambredesrepresentants.ma/sites/default/files/styles/thumbnail/public/pictures/picture-_146.jpg?itok=LZqpBEQ7,"محمد زكراني","Mohamed Zekrani"
mzemmouri,"Mohamed Zemmouri",http://www.chambredesrepresentants.ma/en/m/mzemmouri,http://www.chambredesrepresentants.ma/sites/default/files/styles/thumbnail/public/pictures/picture-.jpg?itok=2JMPS7Lr,"محمد الزموري","Mohamed Zemmouri"
mziti,"Mustapha Ziti",http://www.chambredesrepresentants.ma/en/m/mziti,http://www.chambredesrepresentants.ma/sites/default/files/styles/thumbnail/public/pictures/picture-_46.jpg?itok=eh4aJ1KF,"مصطفى زيتي","Mustapha Ziti"
nbahich,"Naima Bahich",http://www.chambredesrepresentants.ma/en/m/nbahich,http://www.chambredesrepresentants.ma/sites/default/files/styles/thumbnail/public/pictures/picture-_319.jpg?itok=NMjSwUaE,"ناعمة بهيش","Naima Bahich"
nchabat,"Naoufel Chabat",http://www.chambredesrepresentants.ma/en/m/nchabat,http://www.chambredesrepresentants.ma/sites/default/files/styles/thumbnail/public/pictures/picture-_372.jpg?itok=Hhgh-7g-,"نوفل شباط","Naoufel Chabat"
nelbidi,"Nourdine Elbidi",http://www.chambredesrepresentants.ma/en/m/nelbidi,http://www.chambredesrepresentants.ma/sites/default/files/styles/thumbnail/public/pictures/picture-_194.jpg?itok=EWKol3ji,"نورالدين البيضي","Nourdine Elbidi"
nelouafi,"Nouzha Elouafi",http://www.chambredesrepresentants.ma/en/m/nelouafi,http://www.chambredesrepresentants.ma/sites/default/files/styles/thumbnail/public/pictures/picture-_158.jpg?itok=uc8O4Vk4,"نزهة الوفي","Nouzha Elouafi"
nelyazidi,"Nezha Elyazidi",http://www.chambredesrepresentants.ma/en/m/nelyazidi,http://www.chambredesrepresentants.ma/sites/default/files/styles/thumbnail/public/pictures/picture-_320.jpg?itok=1Bd4pcHo,"نزهة اليزيدي","Nezha Elyazidi"
nherouchi,"Nourdine Herouchi",http://www.chambredesrepresentants.ma/en/m/nherouchi,http://www.chambredesrepresentants.ma/sites/default/files/styles/thumbnail/public/pictures/picture-_9.jpg?itok=I31b9F3-,"نور الدين الهروشي","Nourdine Herouchi"
nlazrek,"Noureddine Lazrek",http://www.chambredesrepresentants.ma/en/m/nlazrek,http://www.chambredesrepresentants.ma/sites/default/files/styles/thumbnail/public/pictures/picture-_95.jpg?itok=h2o4ri7G,"نور الدين الازرق","Noureddine Lazrek"
nlotfi,"Najia Lotfi",http://www.chambredesrepresentants.ma/en/m/nlotfi,http://www.chambredesrepresentants.ma/sites/default/files/styles/thumbnail/public/pictures/picture-_315.jpg?itok=50Pc-8_3,"نجية لطفي","Najia Lotfi"
nmoudian,"Nourdine Moudian",http://www.chambredesrepresentants.ma/en/m/nmoudian,http://www.chambredesrepresentants.ma/sites/default/files/styles/thumbnail/public/pictures/picture-_15.jpg?itok=GMkW4j5D,"نور الدين مضيان","Nourdine Moudian"
nmoutawakkil,"Naoual Moutawakkil",http://www.chambredesrepresentants.ma/en/m/nmoutawakkil,http://www.chambredesrepresentants.ma/sites/default/files/styles/thumbnail/public/pictures/picture-_348.jpg?itok=uRMHdW4R,"نوال المتوكل","Naoual Moutawakkil"
nnaciri,"Naoufel Naciri",http://www.chambredesrepresentants.ma/en/m/nnaciri,http://www.chambredesrepresentants.ma/sites/default/files/styles/thumbnail/public/pictures/picture-_364.jpg?itok=8aLoY5Ep,"نوفل الناصري","Naoufel Naciri"
nqchibel,"Nourdine Qchibel",http://www.chambredesrepresentants.ma/en/m/nqchibel,http://www.chambredesrepresentants.ma/sites/default/files/styles/thumbnail/public/pictures/picture-_79.jpg?itok=lZTQo0Ol,"نور الدين قشيبل","Nourdine Qchibel"
nrafik,"Noureddine Rafik",http://www.chambredesrepresentants.ma/en/m/nrafik,http://www.chambredesrepresentants.ma/sites/default/files/styles/thumbnail/public/pictures/picture-_185.jpg?itok=loNsFOp-,"نور الدين رفيق","Noureddine Rafik"
nsabri,"Nabil Sabri",http://www.chambredesrepresentants.ma/en/m/nsabri,http://www.chambredesrepresentants.ma/sites/default/files/styles/thumbnail/public/pictures/picture-_141.jpg?itok=URNB2hS2,"نبيل صبري","Nabil Sabri"
nzidane,"Naima Zidane",http://www.chambredesrepresentants.ma/en/m/nzidane,http://www.chambredesrepresentants.ma/sites/default/files/styles/thumbnail/public/pictures/picture-_350.jpg?itok=g9_wEgw0,"نعيمة زيدان","Naima Zidane"
oabbassi,"Omar Abbassi",http://www.chambredesrepresentants.ma/en/m/oabbassi,http://www.chambredesrepresentants.ma/sites/default/files/styles/thumbnail/public/pictures/picture-_371.jpg?itok=gSxxbd0A,"عمر عباسي","Omar Abbassi"
oahmine,"Omar Ahmine",http://www.chambredesrepresentants.ma/en/m/oahmine,http://www.chambredesrepresentants.ma/sites/default/files/styles/thumbnail/public/pictures/picture-_248.jpg?itok=u1z1p5Ha,"عمر احمين","Omar Ahmine"
obalafrej,"Omar Balafrej",http://www.chambredesrepresentants.ma/en/m/obalafrej,http://www.chambredesrepresentants.ma/sites/default/files/styles/thumbnail/public/pictures/picture-1076-1485343342.png?itok=7MXawFms,"عمر بلافريج","Omar Balafrej"
oboumriss,"Omar Boumriss",http://www.chambredesrepresentants.ma/en/m/oboumriss,http://www.chambredesrepresentants.ma/sites/default/files/styles/thumbnail/public/pictures/picture-_284.jpg?itok=tYty9G0y,"عمر بومريس","Omar Boumriss"
oelbekkali,"Ouafaa Elbekkali",http://www.chambredesrepresentants.ma/en/m/oelbekkali,http://www.chambredesrepresentants.ma/sites/default/files/styles/thumbnail/public/pictures/picture-_352.jpg?itok=8Z-N2puz,"وفاء البقالي","Ouafaa Elbekkali"
ofassifihri,"Omar Fassi Fihri",http://www.chambredesrepresentants.ma/en/m/ofassifihri,http://www.chambredesrepresentants.ma/sites/default/files/styles/thumbnail/public/pictures/picture-_53.jpg?itok=Mwgtxk3X,"عمر فاسي فهري","Omar Fassi Fihri"
okhafif,"Omar Khafif",http://www.chambredesrepresentants.ma/en/m/okhafif,http://www.chambredesrepresentants.ma/sites/default/files/styles/thumbnail/public/pictures/picture-_212.jpg?itok=NNBFtGjT,"عمر خفيف","Omar Khafif"
omahrachi,"Ouiam Mahrachi",http://www.chambredesrepresentants.ma/en/m/omahrachi,http://www.chambredesrepresentants.ma/sites/default/files/styles/thumbnail/public/pictures/picture-1011-1484672302.jpg?itok=PREnK671,"وئام المحرشي","Ouiam Mahrachi"
ozerrad,"Omar Zerrad",http://www.chambredesrepresentants.ma/en/m/ozerrad,http://www.chambredesrepresentants.ma/sites/default/files/styles/thumbnail/public/pictures/picture-_16.jpg?itok=OeMKNhXE,"عمر الزراد","Omar Zerrad"
rabdi,"Rachid Abdi",http://www.chambredesrepresentants.ma/en/m/rabdi,http://www.chambredesrepresentants.ma/sites/default/files/styles/thumbnail/public/pictures/picture-_96.jpg?itok=EzYxKjR5,"رشيد العبدي","Rachid Abdi"
rbendriouch,"Rachid Bendriouch",http://www.chambredesrepresentants.ma/en/m/rbendriouch,http://www.chambredesrepresentants.ma/sites/default/files/styles/thumbnail/public/pictures/picture-_209.jpg?itok=DYv1EqyF,"الرشيد بن الدريوش","Rachid Bendriouch"
rbouachra,"Ramdane Bouachra",http://www.chambredesrepresentants.ma/en/m/rbouachra,http://www.chambredesrepresentants.ma/sites/default/files/styles/thumbnail/public/pictures/picture-_261.jpg?itok=WAu00S7f,"رمضان بوعشرة","Ramdane Bouachra"
rbougmazi,"Reda Bougmazi",http://www.chambredesrepresentants.ma/en/m/rbougmazi,http://www.chambredesrepresentants.ma/sites/default/files/styles/thumbnail/public/pictures/picture-_368.jpg?itok=GIEaBxg6,"رضا بوكمازي","Reda Bougmazi"
relfayeq,"Rachid Elfayeq",http://www.chambredesrepresentants.ma/en/m/relfayeq,http://www.chambredesrepresentants.ma/sites/default/files/styles/thumbnail/public/pictures/picture-_56.jpg?itok=33THkEtM,"رشيد الفايق","Rachid Elfayeq"
relhilaa,"Rahou ElHilaa",http://www.chambredesrepresentants.ma/en/m/relhilaa,http://www.chambredesrepresentants.ma/sites/default/files/styles/thumbnail/public/pictures/picture-_115.jpg?itok=RnENzeDX,"رحو الهيلع","Rahou ElHilaa"
rghanem,"Redouane Ghanem",http://www.chambredesrepresentants.ma/en/m/rghanem,http://www.chambredesrepresentants.ma/sites/default/files/styles/thumbnail/public/pictures/picture-_249.jpg?itok=eI0ISQ3z,"ردوان غانم","Redouane Ghanem"
rkabil,"Rachid Kabil",http://www.chambredesrepresentants.ma/en/m/rkabil,http://www.chambredesrepresentants.ma/sites/default/files/styles/thumbnail/public/pictures/picture-_164.jpg?itok=bl3n4yTJ,"رشيد القبيل","Rachid Kabil"
rmansouri,"Rafia Mansouri",http://www.chambredesrepresentants.ma/en/m/rmansouri,http://www.chambredesrepresentants.ma/sites/default/files/styles/thumbnail/public/pictures/picture-_332.jpg?itok=1pTAw9Ev,"رفيعة المنصوري","Rafia Mansouri"
rnouinou,"Redouane Nouinou",http://www.chambredesrepresentants.ma/en/m/rnouinou,http://www.chambredesrepresentants.ma/sites/default/files/styles/thumbnail/public/pictures/picture-_10.jpg?itok=3D0nh_yW,"رضوان النوينو","Redouane Nouinou"
rtalbialami,"Rachid Talbi Alami",http://www.chambredesrepresentants.ma/en/m/rtalbialami,http://www.chambredesrepresentants.ma/sites/default/files/styles/thumbnail/public/pictures/picture-_49.jpg?itok=Vhbu-ZeR,"راشيد الطالبي العلمي","Rachid Talbi Alami"
rtamek,"Rachid Tamek",http://www.chambredesrepresentants.ma/en/m/rtamek,http://www.chambredesrepresentants.ma/sites/default/files/styles/thumbnail/public/pictures/picture-_280.jpg?itok=qRGzvpI5,"رشيد التامك","Rachid Tamek"
sabdelmoula,"Samir Abdelmoula",http://www.chambredesrepresentants.ma/en/m/sabdelmoula,http://www.chambredesrepresentants.ma/sites/default/files/styles/thumbnail/public/pictures/picture-_2.jpg?itok=ap7_pY55,"سمير عبد المولى","Samir Abdelmoula"
saboulghali,"Salaheddine Aboulghali",http://www.chambredesrepresentants.ma/en/m/saboulghali,http://www.chambredesrepresentants.ma/sites/default/files/styles/thumbnail/public/pictures/picture-_187.jpg?itok=Qqd3SrX8,"صلاح الدين ابوالغالي","Salaheddine Aboulghali"
sahlhmad,"Souria Ahl Hmad",http://www.chambredesrepresentants.ma/en/m/sahlhmad,http://www.chambredesrepresentants.ma/sites/default/files/styles/thumbnail/public/pictures/picture-_349.jpg?itok=2emV4zy_,"سورية اهل حماد","Souria Ahl Hmad"
saitbouali,"Saida Ait Bouali",http://www.chambredesrepresentants.ma/en/m/saitbouali,http://www.chambredesrepresentants.ma/sites/default/files/styles/thumbnail/public/pictures/picture-_326.jpg?itok=zHysmu_9,"سعيدة ايت بوعلي","Saida Ait Bouali"
samrani,"Soulaimane Amrani",http://www.chambredesrepresentants.ma/en/m/samrani,http://www.chambredesrepresentants.ma/sites/default/files/styles/thumbnail/public/pictures/picture-_90.jpg?itok=9qMt1ioR,"سليمان العمراني","Soulaimane Amrani"
sbensahli,"Saadia Bensahli",http://www.chambredesrepresentants.ma/en/m/sbensahli,http://www.chambredesrepresentants.ma/sites/default/files/styles/thumbnail/public/pictures/picture-_345.jpg?itok=nGByyjP4,"السعدية بنسهلي","Saadia Bensahli"
sberhaoui,"Sidi Hassan Berhaoui",http://www.chambredesrepresentants.ma/en/m/sberhaoui,http://www.chambredesrepresentants.ma/sites/default/files/styles/thumbnail/public/pictures/picture-_108.jpg?itok=sJcNQihR,"سيدي حسن البحراوي","Sidi Hassan Berhaoui"
sboulaychhejraoui,"Souad Boulaych Hejraoui",http://www.chambredesrepresentants.ma/en/m/sboulaychhejraoui,http://www.chambredesrepresentants.ma/sites/default/files/styles/thumbnail/public/pictures/picture-_50.jpg?itok=GyI2fvj0,"سعاد بولعيش الحجراوي","Souad Boulaych Hejraoui"
schbaatou,"said Chbaatou",http://www.chambredesrepresentants.ma/en/m/schbaatou,http://www.chambredesrepresentants.ma/sites/default/files/styles/thumbnail/public/pictures/picture-_247.jpg?itok=JIEE3edy,"سعيد شبعتو","said Chbaatou"
schiguer,"Sidi hmed Chiguer",http://www.chambredesrepresentants.ma/en/m/schiguer,http://www.chambredesrepresentants.ma/sites/default/files/styles/thumbnail/public/pictures/picture-_293.jpg?itok=eEhohG4-,"سيدي حمد الشيكر","Sidi hmed Chiguer"
sdor,"said Dor",http://www.chambredesrepresentants.ma/en/m/sdor,http://www.chambredesrepresentants.ma/sites/default/files/styles/thumbnail/public/pictures/picture-_264.jpg?itok=XWoevrOP,"سعيد ضور","said Dor"
selkayyaf,"Saber Elkayyaf",http://www.chambredesrepresentants.ma/en/m/selkayyaf,http://www.chambredesrepresentants.ma/sites/default/files/styles/thumbnail/public/pictures/picture-_193.jpg?itok=u-rzmjXm,"صابر الكياف","Saber Elkayyaf"
selmalouki,"Saleh Elmalouki",http://www.chambredesrepresentants.ma/en/m/selmalouki,http://www.chambredesrepresentants.ma/sites/default/files/styles/thumbnail/public/pictures/picture-_256.jpg?itok=a5YwZabi,"صالح المالوكي","Saleh Elmalouki"
sennassiri,"said Ennassiri",http://www.chambredesrepresentants.ma/en/m/sennassiri,http://www.chambredesrepresentants.ma/sites/default/files/styles/thumbnail/public/pictures/picture-_153.jpg?itok=J7QSGEx-,"سعيد الناصري","said Ennassiri"
shoulich,"Soulaimane Houlich",http://www.chambredesrepresentants.ma/en/m/shoulich,http://www.chambredesrepresentants.ma/sites/default/files/styles/thumbnail/public/pictures/picture-_32.jpg?itok=9TUXSIoW,"سليمان حوليش","Soulaimane Houlich"
sidbaali,"said Idbaali",http://www.chambredesrepresentants.ma/en/m/sidbaali,http://www.chambredesrepresentants.ma/sites/default/files/styles/thumbnail/public/pictures/picture-_225.jpg?itok=hVS5sjAk,"سعيد ادبعلي","said Idbaali"
sjoumani,"Sidi Brahim Joumani",http://www.chambredesrepresentants.ma/en/m/sjoumani,http://www.chambredesrepresentants.ma/sites/default/files/styles/thumbnail/public/pictures/picture-_89.jpg?itok=6mP6Xust,"سيدي ابراهيم الجماني","Sidi Brahim Joumani"
slomari,"Souad Lomari",http://www.chambredesrepresentants.ma/en/m/slomari,http://www.chambredesrepresentants.ma/sites/default/files/styles/thumbnail/public/pictures/picture-_312.jpg?itok=PKhOkt3o,"سعاد لعماري","Souad Lomari"
snmili,"said Nmili",http://www.chambredesrepresentants.ma/en/m/snmili,http://www.chambredesrepresentants.ma/sites/default/files/styles/thumbnail/public/pictures/picture-_196.jpg?itok=hFaK3HBe,"سعيد انميلي","said Nmili"
sothmani,"Saadeddine Othmani",http://www.chambredesrepresentants.ma/en/m/sothmani,http://www.chambredesrepresentants.ma/sites/default/files/styles/thumbnail/public/pictures/picture-_176.jpg?itok=mttCcdK_,"سعد الدين العثماني","Saadeddine Othmani"
souaallal,"Soumia Ouaallal",http://www.chambredesrepresentants.ma/en/m/souaallal,http://www.chambredesrepresentants.ma/sites/default/files/styles/thumbnail/public/pictures/picture-_353.jpg?itok=vW_bfwkR,"سمية وعلال","Soumia Ouaallal"
soughbal,"Saleh Oughbal",http://www.chambredesrepresentants.ma/en/m/soughbal,http://www.chambredesrepresentants.ma/sites/default/files/styles/thumbnail/public/pictures/picture-_142.jpg?itok=tf_6AIim,"صالح اوغبال","Saleh Oughbal"
srahmouni,"Said Rahmouni",http://www.chambredesrepresentants.ma/en/m/srahmouni,http://www.chambredesrepresentants.ma/sites/default/files/styles/thumbnail/public/pictures/picture-_33.jpg?itok=z-Z9FZRs,"سعيد الرحموني","Said Rahmouni"
stadlaoui,"said Tadlaoui",http://www.chambredesrepresentants.ma/en/m/stadlaoui,http://www.chambredesrepresentants.ma/sites/default/files/styles/thumbnail/public/pictures/picture-_175.jpg?itok=BRTf5ERp,"سعيد التدلاوي","said Tadlaoui"
szakhnini,"Souad Zakhnini",http://www.chambredesrepresentants.ma/en/m/szakhnini,http://www.chambredesrepresentants.ma/sites/default/files/styles/thumbnail/public/pictures/picture-_313.jpg?itok=fvwijVTs,"سعاد زخنيني","Souad Zakhnini"
szaydi,"Souad Zaydi",http://www.chambredesrepresentants.ma/en/m/szaydi,http://www.chambredesrepresentants.ma/sites/default/files/styles/thumbnail/public/pictures/picture-_335.jpg?itok=I255iDwr,"سعاد الزيدي","Souad Zaydi"
tbmzagh,"Taher Bmzagh",http://www.chambredesrepresentants.ma/en/m/tbmzagh,http://www.chambredesrepresentants.ma/sites/default/files/styles/thumbnail/public/pictures/picture-_177.jpg?itok=KhtLc5Rr,"الطاهر بمزاغ","Taher Bmzagh"
telmaski,"Touhami Elmaski",http://www.chambredesrepresentants.ma/en/m/telmaski,http://www.chambredesrepresentants.ma/sites/default/files/styles/thumbnail/public/pictures/picture-_234.jpg?itok=fiKz8NmE,"التهامي المسقي","Touhami Elmaski"
tfaraj,"Touria Faraj",http://www.chambredesrepresentants.ma/en/m/tfaraj,http://www.chambredesrepresentants.ma/sites/default/files/styles/thumbnail/public/pictures/picture-_305.jpg?itok=HNceOYNK,"تورية فراج","Touria Faraj"
tkamil,"Taoufik Kamil",http://www.chambredesrepresentants.ma/en/m/tkamil,http://www.chambredesrepresentants.ma/sites/default/files/styles/thumbnail/public/pictures/picture-_169.jpg?itok=CuP5qcnq,"توفيق كميل","Taoufik Kamil"
tmimouni,"Taoufik Mimouni",http://www.chambredesrepresentants.ma/en/m/tmimouni,http://www.chambredesrepresentants.ma/sites/default/files/styles/thumbnail/public/pictures/picture-_19.jpg?itok=3XwftWKf,"توفيق الميموني","Taoufik Mimouni"
tskalli,"Touria Skalli",http://www.chambredesrepresentants.ma/en/m/tskalli,http://www.chambredesrepresentants.ma/sites/default/files/styles/thumbnail/public/pictures/picture-_334.jpg?itok=KOuO8JHD,"تريا الصقلي","Touria Skalli"
yaitlhajlahcen,"Youssef Ait Lhaj Lahcen",http://www.chambredesrepresentants.ma/en/m/yaitlhajlahcen,http://www.chambredesrepresentants.ma/sites/default/files/styles/thumbnail/public/pictures/picture-1197-1485173367.jpg?itok=6miDkn8y,"يوسف ايت الحاج لحسن","Youssef Ait Lhaj Lahcen"
ybenslimane,"Younes Benslimane",http://www.chambredesrepresentants.ma/en/m/ybenslimane,http://www.chambredesrepresentants.ma/sites/default/files/styles/thumbnail/public/pictures/picture-_206.jpg?itok=DWIzmzti,"يونس بن سليمان","Younes Benslimane"
ydaghou,"Yassine Daghou",http://www.chambredesrepresentants.ma/en/m/ydaghou,http://www.chambredesrepresentants.ma/sites/default/files/styles/thumbnail/public/pictures/picture-_38.jpg?itok=F8wm2ReF,"ياسين دغو","Yassine Daghou"
yerradi,"Yassine Erradi",http://www.chambredesrepresentants.ma/en/m/yerradi,http://www.chambredesrepresentants.ma/sites/default/files/styles/thumbnail/public/pictures/picture-_122.jpg?itok=5T97t04C,"ياسين الراضي","Yassine Erradi"
ygharbi,"Youssef Gharbi",http://www.chambredesrepresentants.ma/en/m/ygharbi,http://www.chambredesrepresentants.ma/sites/default/files/styles/thumbnail/public/pictures/picture-_97.jpg?itok=Bj97SpOS,"يوسف غربي","Youssef Gharbi"
yhadhoum,"Youssef Hadhoum",http://www.chambredesrepresentants.ma/en/m/yhadhoum,http://www.chambredesrepresentants.ma/sites/default/files/styles/thumbnail/public/pictures/picture-_63.jpg?itok=71cH3ktX,"يوسف حدهم","Youssef Hadhoum"
yhouar,"Youssef Houar",http://www.chambredesrepresentants.ma/en/m/yhouar,http://www.chambredesrepresentants.ma/sites/default/files/styles/thumbnail/public/pictures/picture-_26.jpg?itok=nK1jCoRl,"يوسف هوار","Youssef Houar"
yrouijel,"Youssef Rouijel",http://www.chambredesrepresentants.ma/en/m/yrouijel,http://www.chambredesrepresentants.ma/sites/default/files/styles/thumbnail/public/pictures/picture-_238.jpg?itok=BBNs3GdZ,"يوسف الرويجل","Youssef Rouijel"
zhaouas,"Zinelabidine Haouas",http://www.chambredesrepresentants.ma/en/m/zhaouas,http://www.chambredesrepresentants.ma/sites/default/files/styles/thumbnail/public/pictures/picture-_191.jpg?itok=IgfWeDkJ,"زين العابدين حواص","Zinelabidine Haouas"
zmrini,"Zakia Mrini",http://www.chambredesrepresentants.ma/en/m/zmrini,http://www.chambredesrepresentants.ma/sites/default/files/styles/thumbnail/public/pictures/picture-_297.jpg?itok=48aIAVFZ,"زكية المريني","Zakia Mrini"
zouahabi,"Zhour Ouahabi",http://www.chambredesrepresentants.ma/en/m/zouahabi,http://www.chambredesrepresentants.ma/sites/default/files/styles/thumbnail/public/pictures/picture-_356.jpg?itok=KeTS7-zr,"زهور الوهابي","Zhour Ouahabi"
